ID,Lat,Long
ID0,0.91713023158,36.39209964220
ID1,0.91713023158,36.40108279560
ID2,0.91713023158,36.41006594820
ID3,0.91713023158,36.41904910070
ID4,0.91713023158,36.42803225420
ID5,0.91713023158,36.43701540670
ID6,0.91713023158,36.44599855930
ID7,0.91713023158,36.45498171270
ID8,0.91713023158,36.46396486530
ID9,0.91713023158,36.47294801780
ID10,0.91713023158,36.48193117130
ID11,0.91713023158,36.49091432380
ID12,0.91713023158,36.49989747640
ID13,0.91713023158,36.50888062980
ID14,0.91713023158,36.51786378240
ID15,0.91713023158,36.52684693490
ID16,0.91713023158,36.53583008840
ID17,0.91713023158,36.54481324090
ID18,0.91713023158,36.55379639350
ID19,0.91713023158,36.56277954690
ID20,0.91713023158,36.57176269950
ID21,0.91713023158,36.58074585200
ID22,0.91713023158,36.58972900460
ID23,0.91713023158,36.59871215800
ID24,0.91713023158,36.60769531060
ID25,0.91713023158,36.61667846310
ID26,0.91713023158,36.62566161660
ID27,0.91713023158,36.63464476910
ID28,0.91713023158,36.64362792170
ID29,0.91713023158,36.65261107510
ID30,0.91713023158,36.66159422770
ID31,0.91713023158,36.67057738020
ID32,0.91713023158,36.67956053370
ID33,0.91713023158,36.68854368620
ID34,0.91713023158,36.69752683880
ID35,0.91713023158,36.70650999220
ID36,0.91713023158,36.71549314480
ID37,0.91713023158,36.72447629730
ID38,0.91713023158,36.73345945080
ID39,0.91713023158,36.74244260330
ID40,0.91713023158,36.75142575590
ID41,0.91713023158,36.76040890930
ID42,0.91713023158,36.76939206190
ID43,0.91713023158,36.77837521440
ID44,0.91713023158,36.78735836790
ID45,0.91713023158,36.79634152040
ID46,0.91713023158,36.80532467300
ID47,0.91713023158,36.81430782640
ID48,0.91713023158,36.82329097900
ID49,0.91713023158,36.83227413150
ID50,0.91713023158,36.84125728500
ID51,0.91713023158,36.85024043750
ID52,0.91713023158,36.85922359010
ID53,0.91713023158,36.86820674350
ID54,0.91713023158,36.87718989610
ID55,0.91713023158,36.88617304860
ID56,0.91713023158,36.89515620120
ID57,0.92611222310,36.39209964220
ID58,0.92611222310,36.40108279560
ID59,0.92611222310,36.41006594820
ID60,0.92611222310,36.41904910070
ID61,0.92611222310,36.42803225420
ID62,0.92611222310,36.43701540670
ID63,0.92611222310,36.44599855930
ID64,0.92611222310,36.45498171270
ID65,0.92611222310,36.46396486530
ID66,0.92611222310,36.47294801780
ID67,0.92611222310,36.48193117130
ID68,0.92611222310,36.49091432380
ID69,0.92611222310,36.49989747640
ID70,0.92611222310,36.50888062980
ID71,0.92611222310,36.51786378240
ID72,0.92611222310,36.52684693490
ID73,0.92611222310,36.53583008840
ID74,0.92611222310,36.54481324090
ID75,0.92611222310,36.55379639350
ID76,0.92611222310,36.56277954690
ID77,0.92611222310,36.57176269950
ID78,0.92611222310,36.58074585200
ID79,0.92611222310,36.58972900460
ID80,0.92611222310,36.59871215800
ID81,0.92611222310,36.60769531060
ID82,0.92611222310,36.61667846310
ID83,0.92611222310,36.62566161660
ID84,0.92611222310,36.63464476910
ID85,0.92611222310,36.64362792170
ID86,0.92611222310,36.65261107510
ID87,0.92611222310,36.66159422770
ID88,0.92611222310,36.67057738020
ID89,0.92611222310,36.67956053370
ID90,0.92611222310,36.68854368620
ID91,0.92611222310,36.69752683880
ID92,0.92611222310,36.70650999220
ID93,0.92611222310,36.71549314480
ID94,0.92611222310,36.72447629730
ID95,0.92611222310,36.73345945080
ID96,0.92611222310,36.74244260330
ID97,0.92611222310,36.75142575590
ID98,0.92611222310,36.76040890930
ID99,0.92611222310,36.76939206190
ID100,0.92611222310,36.77837521440
ID101,0.92611222310,36.78735836790
ID102,0.92611222310,36.79634152040
ID103,0.92611222310,36.80532467300
ID104,0.92611222310,36.81430782640
ID105,0.92611222310,36.82329097900
ID106,0.92611222310,36.83227413150
ID107,0.92611222310,36.84125728500
ID108,0.92611222310,36.85024043750
ID109,0.92611222310,36.85922359010
ID110,0.92611222310,36.86820674350
ID111,0.92611222310,36.87718989610
ID112,0.92611222310,36.88617304860
ID113,0.92611222310,36.89515620120
ID114,0.93509419035,36.39209964220
ID115,0.93509419035,36.40108279560
ID116,0.93509419035,36.41006594820
ID117,0.93509419035,36.41904910070
ID118,0.93509419035,36.42803225420
ID119,0.93509419035,36.43701540670
ID120,0.93509419035,36.44599855930
ID121,0.93509419035,36.45498171270
ID122,0.93509419035,36.46396486530
ID123,0.93509419035,36.47294801780
ID124,0.93509419035,36.48193117130
ID125,0.93509419035,36.49091432380
ID126,0.93509419035,36.49989747640
ID127,0.93509419035,36.50888062980
ID128,0.93509419035,36.51786378240
ID129,0.93509419035,36.52684693490
ID130,0.93509419035,36.53583008840
ID131,0.93509419035,36.54481324090
ID132,0.93509419035,36.55379639350
ID133,0.93509419035,36.56277954690
ID134,0.93509419035,36.57176269950
ID135,0.93509419035,36.58074585200
ID136,0.93509419035,36.58972900460
ID137,0.93509419035,36.59871215800
ID138,0.93509419035,36.60769531060
ID139,0.93509419035,36.61667846310
ID140,0.93509419035,36.62566161660
ID141,0.93509419035,36.63464476910
ID142,0.93509419035,36.64362792170
ID143,0.93509419035,36.65261107510
ID144,0.93509419035,36.66159422770
ID145,0.93509419035,36.67057738020
ID146,0.93509419035,36.67956053370
ID147,0.93509419035,36.68854368620
ID148,0.93509419035,36.69752683880
ID149,0.93509419035,36.70650999220
ID150,0.93509419035,36.71549314480
ID151,0.93509419035,36.72447629730
ID152,0.93509419035,36.73345945080
ID153,0.93509419035,36.74244260330
ID154,0.93509419035,36.75142575590
ID155,0.93509419035,36.76040890930
ID156,0.93509419035,36.76939206190
ID157,0.93509419035,36.77837521440
ID158,0.93509419035,36.78735836790
ID159,0.93509419035,36.79634152040
ID160,0.93509419035,36.80532467300
ID161,0.93509419035,36.81430782640
ID162,0.93509419035,36.82329097900
ID163,0.93509419035,36.83227413150
ID164,0.93509419035,36.84125728500
ID165,0.93509419035,36.85024043750
ID166,0.93509419035,36.85922359010
ID167,0.93509419035,36.86820674350
ID168,0.93509419035,36.87718989610
ID169,0.93509419035,36.88617304860
ID170,0.93509419035,36.89515620120
ID171,0.94407613511,36.39209964220
ID172,0.94407613511,36.40108279560
ID173,0.94407613511,36.41006594820
ID174,0.94407613511,36.41904910070
ID175,0.94407613511,36.42803225420
ID176,0.94407613511,36.43701540670
ID177,0.94407613511,36.44599855930
ID178,0.94407613511,36.45498171270
ID179,0.94407613511,36.46396486530
ID180,0.94407613511,36.47294801780
ID181,0.94407613511,36.48193117130
ID182,0.94407613511,36.49091432380
ID183,0.94407613511,36.49989747640
ID184,0.94407613511,36.50888062980
ID185,0.94407613511,36.51786378240
ID186,0.94407613511,36.52684693490
ID187,0.94407613511,36.53583008840
ID188,0.94407613511,36.54481324090
ID189,0.94407613511,36.55379639350
ID190,0.94407613511,36.56277954690
ID191,0.94407613511,36.57176269950
ID192,0.94407613511,36.58074585200
ID193,0.94407613511,36.58972900460
ID194,0.94407613511,36.59871215800
ID195,0.94407613511,36.60769531060
ID196,0.94407613511,36.61667846310
ID197,0.94407613511,36.62566161660
ID198,0.94407613511,36.63464476910
ID199,0.94407613511,36.64362792170
ID200,0.94407613511,36.65261107510
ID201,0.94407613511,36.66159422770
ID202,0.94407613511,36.67057738020
ID203,0.94407613511,36.67956053370
ID204,0.94407613511,36.68854368620
ID205,0.94407613511,36.69752683880
ID206,0.94407613511,36.70650999220
ID207,0.94407613511,36.71549314480
ID208,0.94407613511,36.72447629730
ID209,0.94407613511,36.73345945080
ID210,0.94407613511,36.74244260330
ID211,0.94407613511,36.75142575590
ID212,0.94407613511,36.76040890930
ID213,0.94407613511,36.76939206190
ID214,0.94407613511,36.77837521440
ID215,0.94407613511,36.78735836790
ID216,0.94407613511,36.79634152040
ID217,0.94407613511,36.80532467300
ID218,0.94407613511,36.81430782640
ID219,0.94407613511,36.82329097900
ID220,0.94407613511,36.83227413150
ID221,0.94407613511,36.84125728500
ID222,0.94407613511,36.85024043750
ID223,0.94407613511,36.85922359010
ID224,0.94407613511,36.86820674350
ID225,0.94407613511,36.87718989610
ID226,0.94407613511,36.88617304860
ID227,0.94407613511,36.89515620120
ID228,0.95305805738,36.39209964220
ID229,0.95305805738,36.40108279560
ID230,0.95305805738,36.41006594820
ID231,0.95305805738,36.41904910070
ID232,0.95305805738,36.42803225420
ID233,0.95305805738,36.43701540670
ID234,0.95305805738,36.44599855930
ID235,0.95305805738,36.45498171270
ID236,0.95305805738,36.46396486530
ID237,0.95305805738,36.47294801780
ID238,0.95305805738,36.48193117130
ID239,0.95305805738,36.49091432380
ID240,0.95305805738,36.49989747640
ID241,0.95305805738,36.50888062980
ID242,0.95305805738,36.51786378240
ID243,0.95305805738,36.52684693490
ID244,0.95305805738,36.53583008840
ID245,0.95305805738,36.54481324090
ID246,0.95305805738,36.55379639350
ID247,0.95305805738,36.56277954690
ID248,0.95305805738,36.57176269950
ID249,0.95305805738,36.58074585200
ID250,0.95305805738,36.58972900460
ID251,0.95305805738,36.59871215800
ID252,0.95305805738,36.60769531060
ID253,0.95305805738,36.61667846310
ID254,0.95305805738,36.62566161660
ID255,0.95305805738,36.63464476910
ID256,0.95305805738,36.64362792170
ID257,0.95305805738,36.65261107510
ID258,0.95305805738,36.66159422770
ID259,0.95305805738,36.67057738020
ID260,0.95305805738,36.67956053370
ID261,0.95305805738,36.68854368620
ID262,0.95305805738,36.69752683880
ID263,0.95305805738,36.70650999220
ID264,0.95305805738,36.71549314480
ID265,0.95305805738,36.72447629730
ID266,0.95305805738,36.73345945080
ID267,0.95305805738,36.74244260330
ID268,0.95305805738,36.75142575590
ID269,0.95305805738,36.76040890930
ID270,0.95305805738,36.76939206190
ID271,0.95305805738,36.77837521440
ID272,0.95305805738,36.78735836790
ID273,0.95305805738,36.79634152040
ID274,0.95305805738,36.80532467300
ID275,0.95305805738,36.81430782640
ID276,0.95305805738,36.82329097900
ID277,0.95305805738,36.83227413150
ID278,0.95305805738,36.84125728500
ID279,0.95305805738,36.85024043750
ID280,0.95305805738,36.85922359010
ID281,0.95305805738,36.86820674350
ID282,0.95305805738,36.87718989610
ID283,0.95305805738,36.88617304860
ID284,0.95305805738,36.89515620120
ID285,0.96203995538,36.39209964220
ID286,0.96203995538,36.40108279560
ID287,0.96203995538,36.41006594820
ID288,0.96203995538,36.41904910070
ID289,0.96203995538,36.42803225420
ID290,0.96203995538,36.43701540670
ID291,0.96203995538,36.44599855930
ID292,0.96203995538,36.45498171270
ID293,0.96203995538,36.46396486530
ID294,0.96203995538,36.47294801780
ID295,0.96203995538,36.48193117130
ID296,0.96203995538,36.49091432380
ID297,0.96203995538,36.49989747640
ID298,0.96203995538,36.50888062980
ID299,0.96203995538,36.51786378240
ID300,0.96203995538,36.52684693490
ID301,0.96203995538,36.53583008840
ID302,0.96203995538,36.54481324090
ID303,0.96203995538,36.55379639350
ID304,0.96203995538,36.56277954690
ID305,0.96203995538,36.57176269950
ID306,0.96203995538,36.58074585200
ID307,0.96203995538,36.58972900460
ID308,0.96203995538,36.59871215800
ID309,0.96203995538,36.60769531060
ID310,0.96203995538,36.61667846310
ID311,0.96203995538,36.62566161660
ID312,0.96203995538,36.63464476910
ID313,0.96203995538,36.64362792170
ID314,0.96203995538,36.65261107510
ID315,0.96203995538,36.66159422770
ID316,0.96203995538,36.67057738020
ID317,0.96203995538,36.67956053370
ID318,0.96203995538,36.68854368620
ID319,0.96203995538,36.69752683880
ID320,0.96203995538,36.70650999220
ID321,0.96203995538,36.71549314480
ID322,0.96203995538,36.72447629730
ID323,0.96203995538,36.73345945080
ID324,0.96203995538,36.74244260330
ID325,0.96203995538,36.75142575590
ID326,0.96203995538,36.76040890930
ID327,0.96203995538,36.76939206190
ID328,0.96203995538,36.77837521440
ID329,0.96203995538,36.78735836790
ID330,0.96203995538,36.79634152040
ID331,0.96203995538,36.80532467300
ID332,0.96203995538,36.81430782640
ID333,0.96203995538,36.82329097900
ID334,0.96203995538,36.83227413150
ID335,0.96203995538,36.84125728500
ID336,0.96203995538,36.85024043750
ID337,0.96203995538,36.85922359010
ID338,0.96203995538,36.86820674350
ID339,0.96203995538,36.87718989610
ID340,0.96203995538,36.88617304860
ID341,0.96203995538,36.89515620120
ID342,0.97102182999,36.39209964220
ID343,0.97102182999,36.40108279560
ID344,0.97102182999,36.41006594820
ID345,0.97102182999,36.41904910070
ID346,0.97102182999,36.42803225420
ID347,0.97102182999,36.43701540670
ID348,0.97102182999,36.44599855930
ID349,0.97102182999,36.45498171270
ID350,0.97102182999,36.46396486530
ID351,0.97102182999,36.47294801780
ID352,0.97102182999,36.48193117130
ID353,0.97102182999,36.49091432380
ID354,0.97102182999,36.49989747640
ID355,0.97102182999,36.50888062980
ID356,0.97102182999,36.51786378240
ID357,0.97102182999,36.52684693490
ID358,0.97102182999,36.53583008840
ID359,0.97102182999,36.54481324090
ID360,0.97102182999,36.55379639350
ID361,0.97102182999,36.56277954690
ID362,0.97102182999,36.57176269950
ID363,0.97102182999,36.58074585200
ID364,0.97102182999,36.58972900460
ID365,0.97102182999,36.59871215800
ID366,0.97102182999,36.60769531060
ID367,0.97102182999,36.61667846310
ID368,0.97102182999,36.62566161660
ID369,0.97102182999,36.63464476910
ID370,0.97102182999,36.64362792170
ID371,0.97102182999,36.65261107510
ID372,0.97102182999,36.66159422770
ID373,0.97102182999,36.67057738020
ID374,0.97102182999,36.67956053370
ID375,0.97102182999,36.68854368620
ID376,0.97102182999,36.69752683880
ID377,0.97102182999,36.70650999220
ID378,0.97102182999,36.71549314480
ID379,0.97102182999,36.72447629730
ID380,0.97102182999,36.73345945080
ID381,0.97102182999,36.74244260330
ID382,0.97102182999,36.75142575590
ID383,0.97102182999,36.76040890930
ID384,0.97102182999,36.76939206190
ID385,0.97102182999,36.77837521440
ID386,0.97102182999,36.78735836790
ID387,0.97102182999,36.79634152040
ID388,0.97102182999,36.80532467300
ID389,0.97102182999,36.81430782640
ID390,0.97102182999,36.82329097900
ID391,0.97102182999,36.83227413150
ID392,0.97102182999,36.84125728500
ID393,0.97102182999,36.85024043750
ID394,0.97102182999,36.85922359010
ID395,0.97102182999,36.86820674350
ID396,0.97102182999,36.87718989610
ID397,0.97102182999,36.88617304860
ID398,0.97102182999,36.89515620120
ID399,0.98000368123,36.39209964220
ID400,0.98000368123,36.40108279560
ID401,0.98000368123,36.41006594820
ID402,0.98000368123,36.41904910070
ID403,0.98000368123,36.42803225420
ID404,0.98000368123,36.43701540670
ID405,0.98000368123,36.44599855930
ID406,0.98000368123,36.45498171270
ID407,0.98000368123,36.46396486530
ID408,0.98000368123,36.47294801780
ID409,0.98000368123,36.48193117130
ID410,0.98000368123,36.49091432380
ID411,0.98000368123,36.49989747640
ID412,0.98000368123,36.50888062980
ID413,0.98000368123,36.51786378240
ID414,0.98000368123,36.52684693490
ID415,0.98000368123,36.53583008840
ID416,0.98000368123,36.54481324090
ID417,0.98000368123,36.55379639350
ID418,0.98000368123,36.56277954690
ID419,0.98000368123,36.57176269950
ID420,0.98000368123,36.58074585200
ID421,0.98000368123,36.58972900460
ID422,0.98000368123,36.59871215800
ID423,0.98000368123,36.60769531060
ID424,0.98000368123,36.61667846310
ID425,0.98000368123,36.62566161660
ID426,0.98000368123,36.63464476910
ID427,0.98000368123,36.64362792170
ID428,0.98000368123,36.65261107510
ID429,0.98000368123,36.66159422770
ID430,0.98000368123,36.67057738020
ID431,0.98000368123,36.67956053370
ID432,0.98000368123,36.68854368620
ID433,0.98000368123,36.69752683880
ID434,0.98000368123,36.70650999220
ID435,0.98000368123,36.71549314480
ID436,0.98000368123,36.72447629730
ID437,0.98000368123,36.73345945080
ID438,0.98000368123,36.74244260330
ID439,0.98000368123,36.75142575590
ID440,0.98000368123,36.76040890930
ID441,0.98000368123,36.76939206190
ID442,0.98000368123,36.77837521440
ID443,0.98000368123,36.78735836790
ID444,0.98000368123,36.79634152040
ID445,0.98000368123,36.80532467300
ID446,0.98000368123,36.81430782640
ID447,0.98000368123,36.82329097900
ID448,0.98000368123,36.83227413150
ID449,0.98000368123,36.84125728500
ID450,0.98000368123,36.85024043750
ID451,0.98000368123,36.85922359010
ID452,0.98000368123,36.86820674350
ID453,0.98000368123,36.87718989610
ID454,0.98000368123,36.88617304860
ID455,0.98000368123,36.89515620120
ID456,0.98898550818,36.39209964220
ID457,0.98898550818,36.40108279560
ID458,0.98898550818,36.41006594820
ID459,0.98898550818,36.41904910070
ID460,0.98898550818,36.42803225420
ID461,0.98898550818,36.43701540670
ID462,0.98898550818,36.44599855930
ID463,0.98898550818,36.45498171270
ID464,0.98898550818,36.46396486530
ID465,0.98898550818,36.47294801780
ID466,0.98898550818,36.48193117130
ID467,0.98898550818,36.49091432380
ID468,0.98898550818,36.49989747640
ID469,0.98898550818,36.50888062980
ID470,0.98898550818,36.51786378240
ID471,0.98898550818,36.52684693490
ID472,0.98898550818,36.53583008840
ID473,0.98898550818,36.54481324090
ID474,0.98898550818,36.55379639350
ID475,0.98898550818,36.56277954690
ID476,0.98898550818,36.57176269950
ID477,0.98898550818,36.58074585200
ID478,0.98898550818,36.58972900460
ID479,0.98898550818,36.59871215800
ID480,0.98898550818,36.60769531060
ID481,0.98898550818,36.61667846310
ID482,0.98898550818,36.62566161660
ID483,0.98898550818,36.63464476910
ID484,0.98898550818,36.64362792170
ID485,0.98898550818,36.65261107510
ID486,0.98898550818,36.66159422770
ID487,0.98898550818,36.67057738020
ID488,0.98898550818,36.67956053370
ID489,0.98898550818,36.68854368620
ID490,0.98898550818,36.69752683880
ID491,0.98898550818,36.70650999220
ID492,0.98898550818,36.71549314480
ID493,0.98898550818,36.72447629730
ID494,0.98898550818,36.73345945080
ID495,0.98898550818,36.74244260330
ID496,0.98898550818,36.75142575590
ID497,0.98898550818,36.76040890930
ID498,0.98898550818,36.76939206190
ID499,0.98898550818,36.77837521440
ID500,0.98898550818,36.78735836790
ID501,0.98898550818,36.79634152040
ID502,0.98898550818,36.80532467300
ID503,0.98898550818,36.81430782640
ID504,0.98898550818,36.82329097900
ID505,0.98898550818,36.83227413150
ID506,0.98898550818,36.84125728500
ID507,0.98898550818,36.85024043750
ID508,0.98898550818,36.85922359010
ID509,0.98898550818,36.86820674350
ID510,0.98898550818,36.87718989610
ID511,0.98898550818,36.88617304860
ID512,0.98898550818,36.89515620120
ID513,0.99796730994,36.39209964220
ID514,0.99796730994,36.40108279560
ID515,0.99796730994,36.41006594820
ID516,0.99796730994,36.41904910070
ID517,0.99796730994,36.42803225420
ID518,0.99796730994,36.43701540670
ID519,0.99796730994,36.44599855930
ID520,0.99796730994,36.45498171270
ID521,0.99796730994,36.46396486530
ID522,0.99796730994,36.47294801780
ID523,0.99796730994,36.48193117130
ID524,0.99796730994,36.49091432380
ID525,0.99796730994,36.49989747640
ID526,0.99796730994,36.50888062980
ID527,0.99796730994,36.51786378240
ID528,0.99796730994,36.52684693490
ID529,0.99796730994,36.53583008840
ID530,0.99796730994,36.54481324090
ID531,0.99796730994,36.55379639350
ID532,0.99796730994,36.56277954690
ID533,0.99796730994,36.57176269950
ID534,0.99796730994,36.58074585200
ID535,0.99796730994,36.58972900460
ID536,0.99796730994,36.59871215800
ID537,0.99796730994,36.60769531060
ID538,0.99796730994,36.61667846310
ID539,0.99796730994,36.62566161660
ID540,0.99796730994,36.63464476910
ID541,0.99796730994,36.64362792170
ID542,0.99796730994,36.65261107510
ID543,0.99796730994,36.66159422770
ID544,0.99796730994,36.67057738020
ID545,0.99796730994,36.67956053370
ID546,0.99796730994,36.68854368620
ID547,0.99796730994,36.69752683880
ID548,0.99796730994,36.70650999220
ID549,0.99796730994,36.71549314480
ID550,0.99796730994,36.72447629730
ID551,0.99796730994,36.73345945080
ID552,0.99796730994,36.74244260330
ID553,0.99796730994,36.75142575590
ID554,0.99796730994,36.76040890930
ID555,0.99796730994,36.76939206190
ID556,0.99796730994,36.77837521440
ID557,0.99796730994,36.78735836790
ID558,0.99796730994,36.79634152040
ID559,0.99796730994,36.80532467300
ID560,0.99796730994,36.81430782640
ID561,0.99796730994,36.82329097900
ID562,0.99796730994,36.83227413150
ID563,0.99796730994,36.84125728500
ID564,0.99796730994,36.85024043750
ID565,0.99796730994,36.85922359010
ID566,0.99796730994,36.86820674350
ID567,0.99796730994,36.87718989610
ID568,0.99796730994,36.88617304860
ID569,0.99796730994,36.89515620120
ID570,1.00694908833,36.39209964220
ID571,1.00694908833,36.40108279560
ID572,1.00694908833,36.41006594820
ID573,1.00694908833,36.41904910070
ID574,1.00694908833,36.42803225420
ID575,1.00694908833,36.43701540670
ID576,1.00694908833,36.44599855930
ID577,1.00694908833,36.45498171270
ID578,1.00694908833,36.46396486530
ID579,1.00694908833,36.47294801780
ID580,1.00694908833,36.48193117130
ID581,1.00694908833,36.49091432380
ID582,1.00694908833,36.49989747640
ID583,1.00694908833,36.50888062980
ID584,1.00694908833,36.51786378240
ID585,1.00694908833,36.52684693490
ID586,1.00694908833,36.53583008840
ID587,1.00694908833,36.54481324090
ID588,1.00694908833,36.55379639350
ID589,1.00694908833,36.56277954690
ID590,1.00694908833,36.57176269950
ID591,1.00694908833,36.58074585200
ID592,1.00694908833,36.58972900460
ID593,1.00694908833,36.59871215800
ID594,1.00694908833,36.60769531060
ID595,1.00694908833,36.61667846310
ID596,1.00694908833,36.62566161660
ID597,1.00694908833,36.63464476910
ID598,1.00694908833,36.64362792170
ID599,1.00694908833,36.65261107510
ID600,1.00694908833,36.66159422770
ID601,1.00694908833,36.67057738020
ID602,1.00694908833,36.67956053370
ID603,1.00694908833,36.68854368620
ID604,1.00694908833,36.69752683880
ID605,1.00694908833,36.70650999220
ID606,1.00694908833,36.71549314480
ID607,1.00694908833,36.72447629730
ID608,1.00694908833,36.73345945080
ID609,1.00694908833,36.74244260330
ID610,1.00694908833,36.75142575590
ID611,1.00694908833,36.76040890930
ID612,1.00694908833,36.76939206190
ID613,1.00694908833,36.77837521440
ID614,1.00694908833,36.78735836790
ID615,1.00694908833,36.79634152040
ID616,1.00694908833,36.80532467300
ID617,1.00694908833,36.81430782640
ID618,1.00694908833,36.82329097900
ID619,1.00694908833,36.83227413150
ID620,1.00694908833,36.84125728500
ID621,1.00694908833,36.85024043750
ID622,1.00694908833,36.85922359010
ID623,1.00694908833,36.86820674350
ID624,1.00694908833,36.87718989610
ID625,1.00694908833,36.88617304860
ID626,1.00694908833,36.89515620120
ID627,1.01593084154,36.39209964220
ID628,1.01593084154,36.40108279560
ID629,1.01593084154,36.41006594820
ID630,1.01593084154,36.41904910070
ID631,1.01593084154,36.42803225420
ID632,1.01593084154,36.43701540670
ID633,1.01593084154,36.44599855930
ID634,1.01593084154,36.45498171270
ID635,1.01593084154,36.46396486530
ID636,1.01593084154,36.47294801780
ID637,1.01593084154,36.48193117130
ID638,1.01593084154,36.49091432380
ID639,1.01593084154,36.49989747640
ID640,1.01593084154,36.50888062980
ID641,1.01593084154,36.51786378240
ID642,1.01593084154,36.52684693490
ID643,1.01593084154,36.53583008840
ID644,1.01593084154,36.54481324090
ID645,1.01593084154,36.55379639350
ID646,1.01593084154,36.56277954690
ID647,1.01593084154,36.57176269950
ID648,1.01593084154,36.58074585200
ID649,1.01593084154,36.58972900460
ID650,1.01593084154,36.59871215800
ID651,1.01593084154,36.60769531060
ID652,1.01593084154,36.61667846310
ID653,1.01593084154,36.62566161660
ID654,1.01593084154,36.63464476910
ID655,1.01593084154,36.64362792170
ID656,1.01593084154,36.65261107510
ID657,1.01593084154,36.66159422770
ID658,1.01593084154,36.67057738020
ID659,1.01593084154,36.67956053370
ID660,1.01593084154,36.68854368620
ID661,1.01593084154,36.69752683880
ID662,1.01593084154,36.70650999220
ID663,1.01593084154,36.71549314480
ID664,1.01593084154,36.72447629730
ID665,1.01593084154,36.73345945080
ID666,1.01593084154,36.74244260330
ID667,1.01593084154,36.75142575590
ID668,1.01593084154,36.76040890930
ID669,1.01593084154,36.76939206190
ID670,1.01593084154,36.77837521440
ID671,1.01593084154,36.78735836790
ID672,1.01593084154,36.79634152040
ID673,1.01593084154,36.80532467300
ID674,1.01593084154,36.81430782640
ID675,1.01593084154,36.82329097900
ID676,1.01593084154,36.83227413150
ID677,1.01593084154,36.84125728500
ID678,1.01593084154,36.85024043750
ID679,1.01593084154,36.85922359010
ID680,1.01593084154,36.86820674350
ID681,1.01593084154,36.87718989610
ID682,1.01593084154,36.88617304860
ID683,1.01593084154,36.89515620120
ID684,1.02491256956,36.39209964220
ID685,1.02491256956,36.40108279560
ID686,1.02491256956,36.41006594820
ID687,1.02491256956,36.41904910070
ID688,1.02491256956,36.42803225420
ID689,1.02491256956,36.43701540670
ID690,1.02491256956,36.44599855930
ID691,1.02491256956,36.45498171270
ID692,1.02491256956,36.46396486530
ID693,1.02491256956,36.47294801780
ID694,1.02491256956,36.48193117130
ID695,1.02491256956,36.49091432380
ID696,1.02491256956,36.49989747640
ID697,1.02491256956,36.50888062980
ID698,1.02491256956,36.51786378240
ID699,1.02491256956,36.52684693490
ID700,1.02491256956,36.53583008840
ID701,1.02491256956,36.54481324090
ID702,1.02491256956,36.55379639350
ID703,1.02491256956,36.56277954690
ID704,1.02491256956,36.57176269950
ID705,1.02491256956,36.58074585200
ID706,1.02491256956,36.58972900460
ID707,1.02491256956,36.59871215800
ID708,1.02491256956,36.60769531060
ID709,1.02491256956,36.61667846310
ID710,1.02491256956,36.62566161660
ID711,1.02491256956,36.63464476910
ID712,1.02491256956,36.64362792170
ID713,1.02491256956,36.65261107510
ID714,1.02491256956,36.66159422770
ID715,1.02491256956,36.67057738020
ID716,1.02491256956,36.67956053370
ID717,1.02491256956,36.68854368620
ID718,1.02491256956,36.69752683880
ID719,1.02491256956,36.70650999220
ID720,1.02491256956,36.71549314480
ID721,1.02491256956,36.72447629730
ID722,1.02491256956,36.73345945080
ID723,1.02491256956,36.74244260330
ID724,1.02491256956,36.75142575590
ID725,1.02491256956,36.76040890930
ID726,1.02491256956,36.76939206190
ID727,1.02491256956,36.77837521440
ID728,1.02491256956,36.78735836790
ID729,1.02491256956,36.79634152040
ID730,1.02491256956,36.80532467300
ID731,1.02491256956,36.81430782640
ID732,1.02491256956,36.82329097900
ID733,1.02491256956,36.83227413150
ID734,1.02491256956,36.84125728500
ID735,1.02491256956,36.85024043750
ID736,1.02491256956,36.85922359010
ID737,1.02491256956,36.86820674350
ID738,1.02491256956,36.87718989610
ID739,1.02491256956,36.88617304860
ID740,1.02491256956,36.89515620120
ID741,1.03389427240,36.39209964220
ID742,1.03389427240,36.40108279560
ID743,1.03389427240,36.41006594820
ID744,1.03389427240,36.41904910070
ID745,1.03389427240,36.42803225420
ID746,1.03389427240,36.43701540670
ID747,1.03389427240,36.44599855930
ID748,1.03389427240,36.45498171270
ID749,1.03389427240,36.46396486530
ID750,1.03389427240,36.47294801780
ID751,1.03389427240,36.48193117130
ID752,1.03389427240,36.49091432380
ID753,1.03389427240,36.49989747640
ID754,1.03389427240,36.50888062980
ID755,1.03389427240,36.51786378240
ID756,1.03389427240,36.52684693490
ID757,1.03389427240,36.53583008840
ID758,1.03389427240,36.54481324090
ID759,1.03389427240,36.55379639350
ID760,1.03389427240,36.56277954690
ID761,1.03389427240,36.57176269950
ID762,1.03389427240,36.58074585200
ID763,1.03389427240,36.58972900460
ID764,1.03389427240,36.59871215800
ID765,1.03389427240,36.60769531060
ID766,1.03389427240,36.61667846310
ID767,1.03389427240,36.62566161660
ID768,1.03389427240,36.63464476910
ID769,1.03389427240,36.64362792170
ID770,1.03389427240,36.65261107510
ID771,1.03389427240,36.66159422770
ID772,1.03389427240,36.67057738020
ID773,1.03389427240,36.67956053370
ID774,1.03389427240,36.68854368620
ID775,1.03389427240,36.69752683880
ID776,1.03389427240,36.70650999220
ID777,1.03389427240,36.71549314480
ID778,1.03389427240,36.72447629730
ID779,1.03389427240,36.73345945080
ID780,1.03389427240,36.74244260330
ID781,1.03389427240,36.75142575590
ID782,1.03389427240,36.76040890930
ID783,1.03389427240,36.76939206190
ID784,1.03389427240,36.77837521440
ID785,1.03389427240,36.78735836790
ID786,1.03389427240,36.79634152040
ID787,1.03389427240,36.80532467300
ID788,1.03389427240,36.81430782640
ID789,1.03389427240,36.82329097900
ID790,1.03389427240,36.83227413150
ID791,1.03389427240,36.84125728500
ID792,1.03389427240,36.85024043750
ID793,1.03389427240,36.85922359010
ID794,1.03389427240,36.86820674350
ID795,1.03389427240,36.87718989610
ID796,1.03389427240,36.88617304860
ID797,1.03389427240,36.89515620120
ID798,1.04287595007,36.39209964220
ID799,1.04287595007,36.40108279560
ID800,1.04287595007,36.41006594820
ID801,1.04287595007,36.41904910070
ID802,1.04287595007,36.42803225420
ID803,1.04287595007,36.43701540670
ID804,1.04287595007,36.44599855930
ID805,1.04287595007,36.45498171270
ID806,1.04287595007,36.46396486530
ID807,1.04287595007,36.47294801780
ID808,1.04287595007,36.48193117130
ID809,1.04287595007,36.49091432380
ID810,1.04287595007,36.49989747640
ID811,1.04287595007,36.50888062980
ID812,1.04287595007,36.51786378240
ID813,1.04287595007,36.52684693490
ID814,1.04287595007,36.53583008840
ID815,1.04287595007,36.54481324090
ID816,1.04287595007,36.55379639350
ID817,1.04287595007,36.56277954690
ID818,1.04287595007,36.57176269950
ID819,1.04287595007,36.58074585200
ID820,1.04287595007,36.58972900460
ID821,1.04287595007,36.59871215800
ID822,1.04287595007,36.60769531060
ID823,1.04287595007,36.61667846310
ID824,1.04287595007,36.62566161660
ID825,1.04287595007,36.63464476910
ID826,1.04287595007,36.64362792170
ID827,1.04287595007,36.65261107510
ID828,1.04287595007,36.66159422770
ID829,1.04287595007,36.67057738020
ID830,1.04287595007,36.67956053370
ID831,1.04287595007,36.68854368620
ID832,1.04287595007,36.69752683880
ID833,1.04287595007,36.70650999220
ID834,1.04287595007,36.71549314480
ID835,1.04287595007,36.72447629730
ID836,1.04287595007,36.73345945080
ID837,1.04287595007,36.74244260330
ID838,1.04287595007,36.75142575590
ID839,1.04287595007,36.76040890930
ID840,1.04287595007,36.76939206190
ID841,1.04287595007,36.77837521440
ID842,1.04287595007,36.78735836790
ID843,1.04287595007,36.79634152040
ID844,1.04287595007,36.80532467300
ID845,1.04287595007,36.81430782640
ID846,1.04287595007,36.82329097900
ID847,1.04287595007,36.83227413150
ID848,1.04287595007,36.84125728500
ID849,1.04287595007,36.85024043750
ID850,1.04287595007,36.85922359010
ID851,1.04287595007,36.86820674350
ID852,1.04287595007,36.87718989610
ID853,1.04287595007,36.88617304860
ID854,1.04287595007,36.89515620120
ID855,1.05185760165,36.39209964220
ID856,1.05185760165,36.40108279560
ID857,1.05185760165,36.41006594820
ID858,1.05185760165,36.41904910070
ID859,1.05185760165,36.42803225420
ID860,1.05185760165,36.43701540670
ID861,1.05185760165,36.44599855930
ID862,1.05185760165,36.45498171270
ID863,1.05185760165,36.46396486530
ID864,1.05185760165,36.47294801780
ID865,1.05185760165,36.48193117130
ID866,1.05185760165,36.49091432380
ID867,1.05185760165,36.49989747640
ID868,1.05185760165,36.50888062980
ID869,1.05185760165,36.51786378240
ID870,1.05185760165,36.52684693490
ID871,1.05185760165,36.53583008840
ID872,1.05185760165,36.54481324090
ID873,1.05185760165,36.55379639350
ID874,1.05185760165,36.56277954690
ID875,1.05185760165,36.57176269950
ID876,1.05185760165,36.58074585200
ID877,1.05185760165,36.58972900460
ID878,1.05185760165,36.59871215800
ID879,1.05185760165,36.60769531060
ID880,1.05185760165,36.61667846310
ID881,1.05185760165,36.62566161660
ID882,1.05185760165,36.63464476910
ID883,1.05185760165,36.64362792170
ID884,1.05185760165,36.65261107510
ID885,1.05185760165,36.66159422770
ID886,1.05185760165,36.67057738020
ID887,1.05185760165,36.67956053370
ID888,1.05185760165,36.68854368620
ID889,1.05185760165,36.69752683880
ID890,1.05185760165,36.70650999220
ID891,1.05185760165,36.71549314480
ID892,1.05185760165,36.72447629730
ID893,1.05185760165,36.73345945080
ID894,1.05185760165,36.74244260330
ID895,1.05185760165,36.75142575590
ID896,1.05185760165,36.76040890930
ID897,1.05185760165,36.76939206190
ID898,1.05185760165,36.77837521440
ID899,1.05185760165,36.78735836790
ID900,1.05185760165,36.79634152040
ID901,1.05185760165,36.80532467300
ID902,1.05185760165,36.81430782640
ID903,1.05185760165,36.82329097900
ID904,1.05185760165,36.83227413150
ID905,1.05185760165,36.84125728500
ID906,1.05185760165,36.85024043750
ID907,1.05185760165,36.85922359010
ID908,1.05185760165,36.86820674350
ID909,1.05185760165,36.87718989610
ID910,1.05185760165,36.88617304860
ID911,1.05185760165,36.89515620120
ID912,1.06083922805,36.39209964220
ID913,1.06083922805,36.40108279560
ID914,1.06083922805,36.41006594820
ID915,1.06083922805,36.41904910070
ID916,1.06083922805,36.42803225420
ID917,1.06083922805,36.43701540670
ID918,1.06083922805,36.44599855930
ID919,1.06083922805,36.45498171270
ID920,1.06083922805,36.46396486530
ID921,1.06083922805,36.47294801780
ID922,1.06083922805,36.48193117130
ID923,1.06083922805,36.49091432380
ID924,1.06083922805,36.49989747640
ID925,1.06083922805,36.50888062980
ID926,1.06083922805,36.51786378240
ID927,1.06083922805,36.52684693490
ID928,1.06083922805,36.53583008840
ID929,1.06083922805,36.54481324090
ID930,1.06083922805,36.55379639350
ID931,1.06083922805,36.56277954690
ID932,1.06083922805,36.57176269950
ID933,1.06083922805,36.58074585200
ID934,1.06083922805,36.58972900460
ID935,1.06083922805,36.59871215800
ID936,1.06083922805,36.60769531060
ID937,1.06083922805,36.61667846310
ID938,1.06083922805,36.62566161660
ID939,1.06083922805,36.63464476910
ID940,1.06083922805,36.64362792170
ID941,1.06083922805,36.65261107510
ID942,1.06083922805,36.66159422770
ID943,1.06083922805,36.67057738020
ID944,1.06083922805,36.67956053370
ID945,1.06083922805,36.68854368620
ID946,1.06083922805,36.69752683880
ID947,1.06083922805,36.70650999220
ID948,1.06083922805,36.71549314480
ID949,1.06083922805,36.72447629730
ID950,1.06083922805,36.73345945080
ID951,1.06083922805,36.74244260330
ID952,1.06083922805,36.75142575590
ID953,1.06083922805,36.76040890930
ID954,1.06083922805,36.76939206190
ID955,1.06083922805,36.77837521440
ID956,1.06083922805,36.78735836790
ID957,1.06083922805,36.79634152040
ID958,1.06083922805,36.80532467300
ID959,1.06083922805,36.81430782640
ID960,1.06083922805,36.82329097900
ID961,1.06083922805,36.83227413150
ID962,1.06083922805,36.84125728500
ID963,1.06083922805,36.85024043750
ID964,1.06083922805,36.85922359010
ID965,1.06083922805,36.86820674350
ID966,1.06083922805,36.87718989610
ID967,1.06083922805,36.88617304860
ID968,1.06083922805,36.89515620120
ID969,1.06982082837,36.39209964220
ID970,1.06982082837,36.40108279560
ID971,1.06982082837,36.41006594820
ID972,1.06982082837,36.41904910070
ID973,1.06982082837,36.42803225420
ID974,1.06982082837,36.43701540670
ID975,1.06982082837,36.44599855930
ID976,1.06982082837,36.45498171270
ID977,1.06982082837,36.46396486530
ID978,1.06982082837,36.47294801780
ID979,1.06982082837,36.48193117130
ID980,1.06982082837,36.49091432380
ID981,1.06982082837,36.49989747640
ID982,1.06982082837,36.50888062980
ID983,1.06982082837,36.51786378240
ID984,1.06982082837,36.52684693490
ID985,1.06982082837,36.53583008840
ID986,1.06982082837,36.54481324090
ID987,1.06982082837,36.55379639350
ID988,1.06982082837,36.56277954690
ID989,1.06982082837,36.57176269950
ID990,1.06982082837,36.58074585200
ID991,1.06982082837,36.58972900460
ID992,1.06982082837,36.59871215800
ID993,1.06982082837,36.60769531060
ID994,1.06982082837,36.61667846310
ID995,1.06982082837,36.62566161660
ID996,1.06982082837,36.63464476910
ID997,1.06982082837,36.64362792170
ID998,1.06982082837,36.65261107510
ID999,1.06982082837,36.66159422770
ID1000,1.06982082837,36.67057738020
ID1001,1.06982082837,36.67956053370
ID1002,1.06982082837,36.68854368620
ID1003,1.06982082837,36.69752683880
ID1004,1.06982082837,36.70650999220
ID1005,1.06982082837,36.71549314480
ID1006,1.06982082837,36.72447629730
ID1007,1.06982082837,36.73345945080
ID1008,1.06982082837,36.74244260330
ID1009,1.06982082837,36.75142575590
ID1010,1.06982082837,36.76040890930
ID1011,1.06982082837,36.76939206190
ID1012,1.06982082837,36.77837521440
ID1013,1.06982082837,36.78735836790
ID1014,1.06982082837,36.79634152040
ID1015,1.06982082837,36.80532467300
ID1016,1.06982082837,36.81430782640
ID1017,1.06982082837,36.82329097900
ID1018,1.06982082837,36.83227413150
ID1019,1.06982082837,36.84125728500
ID1020,1.06982082837,36.85024043750
ID1021,1.06982082837,36.85922359010
ID1022,1.06982082837,36.86820674350
ID1023,1.06982082837,36.87718989610
ID1024,1.06982082837,36.88617304860
ID1025,1.06982082837,36.89515620120
ID1026,1.07880240171,36.39209964220
ID1027,1.07880240171,36.40108279560
ID1028,1.07880240171,36.41006594820
ID1029,1.07880240171,36.41904910070
ID1030,1.07880240171,36.42803225420
ID1031,1.07880240171,36.43701540670
ID1032,1.07880240171,36.44599855930
ID1033,1.07880240171,36.45498171270
ID1034,1.07880240171,36.46396486530
ID1035,1.07880240171,36.47294801780
ID1036,1.07880240171,36.48193117130
ID1037,1.07880240171,36.49091432380
ID1038,1.07880240171,36.49989747640
ID1039,1.07880240171,36.50888062980
ID1040,1.07880240171,36.51786378240
ID1041,1.07880240171,36.52684693490
ID1042,1.07880240171,36.53583008840
ID1043,1.07880240171,36.54481324090
ID1044,1.07880240171,36.55379639350
ID1045,1.07880240171,36.56277954690
ID1046,1.07880240171,36.57176269950
ID1047,1.07880240171,36.58074585200
ID1048,1.07880240171,36.58972900460
ID1049,1.07880240171,36.59871215800
ID1050,1.07880240171,36.60769531060
ID1051,1.07880240171,36.61667846310
ID1052,1.07880240171,36.62566161660
ID1053,1.07880240171,36.63464476910
ID1054,1.07880240171,36.64362792170
ID1055,1.07880240171,36.65261107510
ID1056,1.07880240171,36.66159422770
ID1057,1.07880240171,36.67057738020
ID1058,1.07880240171,36.67956053370
ID1059,1.07880240171,36.68854368620
ID1060,1.07880240171,36.69752683880
ID1061,1.07880240171,36.70650999220
ID1062,1.07880240171,36.71549314480
ID1063,1.07880240171,36.72447629730
ID1064,1.07880240171,36.73345945080
ID1065,1.07880240171,36.74244260330
ID1066,1.07880240171,36.75142575590
ID1067,1.07880240171,36.76040890930
ID1068,1.07880240171,36.76939206190
ID1069,1.07880240171,36.77837521440
ID1070,1.07880240171,36.78735836790
ID1071,1.07880240171,36.79634152040
ID1072,1.07880240171,36.80532467300
ID1073,1.07880240171,36.81430782640
ID1074,1.07880240171,36.82329097900
ID1075,1.07880240171,36.83227413150
ID1076,1.07880240171,36.84125728500
ID1077,1.07880240171,36.85024043750
ID1078,1.07880240171,36.85922359010
ID1079,1.07880240171,36.86820674350
ID1080,1.07880240171,36.87718989610
ID1081,1.07880240171,36.88617304860
ID1082,1.07880240171,36.89515620120
ID1083,1.08778394897,36.39209964220
ID1084,1.08778394897,36.40108279560
ID1085,1.08778394897,36.41006594820
ID1086,1.08778394897,36.41904910070
ID1087,1.08778394897,36.42803225420
ID1088,1.08778394897,36.43701540670
ID1089,1.08778394897,36.44599855930
ID1090,1.08778394897,36.45498171270
ID1091,1.08778394897,36.46396486530
ID1092,1.08778394897,36.47294801780
ID1093,1.08778394897,36.48193117130
ID1094,1.08778394897,36.49091432380
ID1095,1.08778394897,36.49989747640
ID1096,1.08778394897,36.50888062980
ID1097,1.08778394897,36.51786378240
ID1098,1.08778394897,36.52684693490
ID1099,1.08778394897,36.53583008840
ID1100,1.08778394897,36.54481324090
ID1101,1.08778394897,36.55379639350
ID1102,1.08778394897,36.56277954690
ID1103,1.08778394897,36.57176269950
ID1104,1.08778394897,36.58074585200
ID1105,1.08778394897,36.58972900460
ID1106,1.08778394897,36.59871215800
ID1107,1.08778394897,36.60769531060
ID1108,1.08778394897,36.61667846310
ID1109,1.08778394897,36.62566161660
ID1110,1.08778394897,36.63464476910
ID1111,1.08778394897,36.64362792170
ID1112,1.08778394897,36.65261107510
ID1113,1.08778394897,36.66159422770
ID1114,1.08778394897,36.67057738020
ID1115,1.08778394897,36.67956053370
ID1116,1.08778394897,36.68854368620
ID1117,1.08778394897,36.69752683880
ID1118,1.08778394897,36.70650999220
ID1119,1.08778394897,36.71549314480
ID1120,1.08778394897,36.72447629730
ID1121,1.08778394897,36.73345945080
ID1122,1.08778394897,36.74244260330
ID1123,1.08778394897,36.75142575590
ID1124,1.08778394897,36.76040890930
ID1125,1.08778394897,36.76939206190
ID1126,1.08778394897,36.77837521440
ID1127,1.08778394897,36.78735836790
ID1128,1.08778394897,36.79634152040
ID1129,1.08778394897,36.80532467300
ID1130,1.08778394897,36.81430782640
ID1131,1.08778394897,36.82329097900
ID1132,1.08778394897,36.83227413150
ID1133,1.08778394897,36.84125728500
ID1134,1.08778394897,36.85024043750
ID1135,1.08778394897,36.85922359010
ID1136,1.08778394897,36.86820674350
ID1137,1.08778394897,36.87718989610
ID1138,1.08778394897,36.88617304860
ID1139,1.08778394897,36.89515620120
ID1140,1.09676546925,36.39209964220
ID1141,1.09676546925,36.40108279560
ID1142,1.09676546925,36.41006594820
ID1143,1.09676546925,36.41904910070
ID1144,1.09676546925,36.42803225420
ID1145,1.09676546925,36.43701540670
ID1146,1.09676546925,36.44599855930
ID1147,1.09676546925,36.45498171270
ID1148,1.09676546925,36.46396486530
ID1149,1.09676546925,36.47294801780
ID1150,1.09676546925,36.48193117130
ID1151,1.09676546925,36.49091432380
ID1152,1.09676546925,36.49989747640
ID1153,1.09676546925,36.50888062980
ID1154,1.09676546925,36.51786378240
ID1155,1.09676546925,36.52684693490
ID1156,1.09676546925,36.53583008840
ID1157,1.09676546925,36.54481324090
ID1158,1.09676546925,36.55379639350
ID1159,1.09676546925,36.56277954690
ID1160,1.09676546925,36.57176269950
ID1161,1.09676546925,36.58074585200
ID1162,1.09676546925,36.58972900460
ID1163,1.09676546925,36.59871215800
ID1164,1.09676546925,36.60769531060
ID1165,1.09676546925,36.61667846310
ID1166,1.09676546925,36.62566161660
ID1167,1.09676546925,36.63464476910
ID1168,1.09676546925,36.64362792170
ID1169,1.09676546925,36.65261107510
ID1170,1.09676546925,36.66159422770
ID1171,1.09676546925,36.67057738020
ID1172,1.09676546925,36.67956053370
ID1173,1.09676546925,36.68854368620
ID1174,1.09676546925,36.69752683880
ID1175,1.09676546925,36.70650999220
ID1176,1.09676546925,36.71549314480
ID1177,1.09676546925,36.72447629730
ID1178,1.09676546925,36.73345945080
ID1179,1.09676546925,36.74244260330
ID1180,1.09676546925,36.75142575590
ID1181,1.09676546925,36.76040890930
ID1182,1.09676546925,36.76939206190
ID1183,1.09676546925,36.77837521440
ID1184,1.09676546925,36.78735836790
ID1185,1.09676546925,36.79634152040
ID1186,1.09676546925,36.80532467300
ID1187,1.09676546925,36.81430782640
ID1188,1.09676546925,36.82329097900
ID1189,1.09676546925,36.83227413150
ID1190,1.09676546925,36.84125728500
ID1191,1.09676546925,36.85024043750
ID1192,1.09676546925,36.85922359010
ID1193,1.09676546925,36.86820674350
ID1194,1.09676546925,36.87718989610
ID1195,1.09676546925,36.88617304860
ID1196,1.09676546925,36.89515620120
ID1197,1.10574696345,36.39209964220
ID1198,1.10574696345,36.40108279560
ID1199,1.10574696345,36.41006594820
ID1200,1.10574696345,36.41904910070
ID1201,1.10574696345,36.42803225420
ID1202,1.10574696345,36.43701540670
ID1203,1.10574696345,36.44599855930
ID1204,1.10574696345,36.45498171270
ID1205,1.10574696345,36.46396486530
ID1206,1.10574696345,36.47294801780
ID1207,1.10574696345,36.48193117130
ID1208,1.10574696345,36.49091432380
ID1209,1.10574696345,36.49989747640
ID1210,1.10574696345,36.50888062980
ID1211,1.10574696345,36.51786378240
ID1212,1.10574696345,36.52684693490
ID1213,1.10574696345,36.53583008840
ID1214,1.10574696345,36.54481324090
ID1215,1.10574696345,36.55379639350
ID1216,1.10574696345,36.56277954690
ID1217,1.10574696345,36.57176269950
ID1218,1.10574696345,36.58074585200
ID1219,1.10574696345,36.58972900460
ID1220,1.10574696345,36.59871215800
ID1221,1.10574696345,36.60769531060
ID1222,1.10574696345,36.61667846310
ID1223,1.10574696345,36.62566161660
ID1224,1.10574696345,36.63464476910
ID1225,1.10574696345,36.64362792170
ID1226,1.10574696345,36.65261107510
ID1227,1.10574696345,36.66159422770
ID1228,1.10574696345,36.67057738020
ID1229,1.10574696345,36.67956053370
ID1230,1.10574696345,36.68854368620
ID1231,1.10574696345,36.69752683880
ID1232,1.10574696345,36.70650999220
ID1233,1.10574696345,36.71549314480
ID1234,1.10574696345,36.72447629730
ID1235,1.10574696345,36.73345945080
ID1236,1.10574696345,36.74244260330
ID1237,1.10574696345,36.75142575590
ID1238,1.10574696345,36.76040890930
ID1239,1.10574696345,36.76939206190
ID1240,1.10574696345,36.77837521440
ID1241,1.10574696345,36.78735836790
ID1242,1.10574696345,36.79634152040
ID1243,1.10574696345,36.80532467300
ID1244,1.10574696345,36.81430782640
ID1245,1.10574696345,36.82329097900
ID1246,1.10574696345,36.83227413150
ID1247,1.10574696345,36.84125728500
ID1248,1.10574696345,36.85024043750
ID1249,1.10574696345,36.85922359010
ID1250,1.10574696345,36.86820674350
ID1251,1.10574696345,36.87718989610
ID1252,1.10574696345,36.88617304860
ID1253,1.10574696345,36.89515620120
ID1254,1.11472842977,36.39209964220
ID1255,1.11472842977,36.40108279560
ID1256,1.11472842977,36.41006594820
ID1257,1.11472842977,36.41904910070
ID1258,1.11472842977,36.42803225420
ID1259,1.11472842977,36.43701540670
ID1260,1.11472842977,36.44599855930
ID1261,1.11472842977,36.45498171270
ID1262,1.11472842977,36.46396486530
ID1263,1.11472842977,36.47294801780
ID1264,1.11472842977,36.48193117130
ID1265,1.11472842977,36.49091432380
ID1266,1.11472842977,36.49989747640
ID1267,1.11472842977,36.50888062980
ID1268,1.11472842977,36.51786378240
ID1269,1.11472842977,36.52684693490
ID1270,1.11472842977,36.53583008840
ID1271,1.11472842977,36.54481324090
ID1272,1.11472842977,36.55379639350
ID1273,1.11472842977,36.56277954690
ID1274,1.11472842977,36.57176269950
ID1275,1.11472842977,36.58074585200
ID1276,1.11472842977,36.58972900460
ID1277,1.11472842977,36.59871215800
ID1278,1.11472842977,36.60769531060
ID1279,1.11472842977,36.61667846310
ID1280,1.11472842977,36.62566161660
ID1281,1.11472842977,36.63464476910
ID1282,1.11472842977,36.64362792170
ID1283,1.11472842977,36.65261107510
ID1284,1.11472842977,36.66159422770
ID1285,1.11472842977,36.67057738020
ID1286,1.11472842977,36.67956053370
ID1287,1.11472842977,36.68854368620
ID1288,1.11472842977,36.69752683880
ID1289,1.11472842977,36.70650999220
ID1290,1.11472842977,36.71549314480
ID1291,1.11472842977,36.72447629730
ID1292,1.11472842977,36.73345945080
ID1293,1.11472842977,36.74244260330
ID1294,1.11472842977,36.75142575590
ID1295,1.11472842977,36.76040890930
ID1296,1.11472842977,36.76939206190
ID1297,1.11472842977,36.77837521440
ID1298,1.11472842977,36.78735836790
ID1299,1.11472842977,36.79634152040
ID1300,1.11472842977,36.80532467300
ID1301,1.11472842977,36.81430782640
ID1302,1.11472842977,36.82329097900
ID1303,1.11472842977,36.83227413150
ID1304,1.11472842977,36.84125728500
ID1305,1.11472842977,36.85024043750
ID1306,1.11472842977,36.85922359010
ID1307,1.11472842977,36.86820674350
ID1308,1.11472842977,36.87718989610
ID1309,1.11472842977,36.88617304860
ID1310,1.11472842977,36.89515620120
ID1311,1.12370986822,36.39209964220
ID1312,1.12370986822,36.40108279560
ID1313,1.12370986822,36.41006594820
ID1314,1.12370986822,36.41904910070
ID1315,1.12370986822,36.42803225420
ID1316,1.12370986822,36.43701540670
ID1317,1.12370986822,36.44599855930
ID1318,1.12370986822,36.45498171270
ID1319,1.12370986822,36.46396486530
ID1320,1.12370986822,36.47294801780
ID1321,1.12370986822,36.48193117130
ID1322,1.12370986822,36.49091432380
ID1323,1.12370986822,36.49989747640
ID1324,1.12370986822,36.50888062980
ID1325,1.12370986822,36.51786378240
ID1326,1.12370986822,36.52684693490
ID1327,1.12370986822,36.53583008840
ID1328,1.12370986822,36.54481324090
ID1329,1.12370986822,36.55379639350
ID1330,1.12370986822,36.56277954690
ID1331,1.12370986822,36.57176269950
ID1332,1.12370986822,36.58074585200
ID1333,1.12370986822,36.58972900460
ID1334,1.12370986822,36.59871215800
ID1335,1.12370986822,36.60769531060
ID1336,1.12370986822,36.61667846310
ID1337,1.12370986822,36.62566161660
ID1338,1.12370986822,36.63464476910
ID1339,1.12370986822,36.64362792170
ID1340,1.12370986822,36.65261107510
ID1341,1.12370986822,36.66159422770
ID1342,1.12370986822,36.67057738020
ID1343,1.12370986822,36.67956053370
ID1344,1.12370986822,36.68854368620
ID1345,1.12370986822,36.69752683880
ID1346,1.12370986822,36.70650999220
ID1347,1.12370986822,36.71549314480
ID1348,1.12370986822,36.72447629730
ID1349,1.12370986822,36.73345945080
ID1350,1.12370986822,36.74244260330
ID1351,1.12370986822,36.75142575590
ID1352,1.12370986822,36.76040890930
ID1353,1.12370986822,36.76939206190
ID1354,1.12370986822,36.77837521440
ID1355,1.12370986822,36.78735836790
ID1356,1.12370986822,36.79634152040
ID1357,1.12370986822,36.80532467300
ID1358,1.12370986822,36.81430782640
ID1359,1.12370986822,36.82329097900
ID1360,1.12370986822,36.83227413150
ID1361,1.12370986822,36.84125728500
ID1362,1.12370986822,36.85024043750
ID1363,1.12370986822,36.85922359010
ID1364,1.12370986822,36.86820674350
ID1365,1.12370986822,36.87718989610
ID1366,1.12370986822,36.88617304860
ID1367,1.12370986822,36.89515620120
ID1368,1.13269127968,36.39209964220
ID1369,1.13269127968,36.40108279560
ID1370,1.13269127968,36.41006594820
ID1371,1.13269127968,36.41904910070
ID1372,1.13269127968,36.42803225420
ID1373,1.13269127968,36.43701540670
ID1374,1.13269127968,36.44599855930
ID1375,1.13269127968,36.45498171270
ID1376,1.13269127968,36.46396486530
ID1377,1.13269127968,36.47294801780
ID1378,1.13269127968,36.48193117130
ID1379,1.13269127968,36.49091432380
ID1380,1.13269127968,36.49989747640
ID1381,1.13269127968,36.50888062980
ID1382,1.13269127968,36.51786378240
ID1383,1.13269127968,36.52684693490
ID1384,1.13269127968,36.53583008840
ID1385,1.13269127968,36.54481324090
ID1386,1.13269127968,36.55379639350
ID1387,1.13269127968,36.56277954690
ID1388,1.13269127968,36.57176269950
ID1389,1.13269127968,36.58074585200
ID1390,1.13269127968,36.58972900460
ID1391,1.13269127968,36.59871215800
ID1392,1.13269127968,36.60769531060
ID1393,1.13269127968,36.61667846310
ID1394,1.13269127968,36.62566161660
ID1395,1.13269127968,36.63464476910
ID1396,1.13269127968,36.64362792170
ID1397,1.13269127968,36.65261107510
ID1398,1.13269127968,36.66159422770
ID1399,1.13269127968,36.67057738020
ID1400,1.13269127968,36.67956053370
ID1401,1.13269127968,36.68854368620
ID1402,1.13269127968,36.69752683880
ID1403,1.13269127968,36.70650999220
ID1404,1.13269127968,36.71549314480
ID1405,1.13269127968,36.72447629730
ID1406,1.13269127968,36.73345945080
ID1407,1.13269127968,36.74244260330
ID1408,1.13269127968,36.75142575590
ID1409,1.13269127968,36.76040890930
ID1410,1.13269127968,36.76939206190
ID1411,1.13269127968,36.77837521440
ID1412,1.13269127968,36.78735836790
ID1413,1.13269127968,36.79634152040
ID1414,1.13269127968,36.80532467300
ID1415,1.13269127968,36.81430782640
ID1416,1.13269127968,36.82329097900
ID1417,1.13269127968,36.83227413150
ID1418,1.13269127968,36.84125728500
ID1419,1.13269127968,36.85024043750
ID1420,1.13269127968,36.85922359010
ID1421,1.13269127968,36.86820674350
ID1422,1.13269127968,36.87718989610
ID1423,1.13269127968,36.88617304860
ID1424,1.13269127968,36.89515620120
ID1425,1.14167266326,36.39209964220
ID1426,1.14167266326,36.40108279560
ID1427,1.14167266326,36.41006594820
ID1428,1.14167266326,36.41904910070
ID1429,1.14167266326,36.42803225420
ID1430,1.14167266326,36.43701540670
ID1431,1.14167266326,36.44599855930
ID1432,1.14167266326,36.45498171270
ID1433,1.14167266326,36.46396486530
ID1434,1.14167266326,36.47294801780
ID1435,1.14167266326,36.48193117130
ID1436,1.14167266326,36.49091432380
ID1437,1.14167266326,36.49989747640
ID1438,1.14167266326,36.50888062980
ID1439,1.14167266326,36.51786378240
ID1440,1.14167266326,36.52684693490
ID1441,1.14167266326,36.53583008840
ID1442,1.14167266326,36.54481324090
ID1443,1.14167266326,36.55379639350
ID1444,1.14167266326,36.56277954690
ID1445,1.14167266326,36.57176269950
ID1446,1.14167266326,36.58074585200
ID1447,1.14167266326,36.58972900460
ID1448,1.14167266326,36.59871215800
ID1449,1.14167266326,36.60769531060
ID1450,1.14167266326,36.61667846310
ID1451,1.14167266326,36.62566161660
ID1452,1.14167266326,36.63464476910
ID1453,1.14167266326,36.64362792170
ID1454,1.14167266326,36.65261107510
ID1455,1.14167266326,36.66159422770
ID1456,1.14167266326,36.67057738020
ID1457,1.14167266326,36.67956053370
ID1458,1.14167266326,36.68854368620
ID1459,1.14167266326,36.69752683880
ID1460,1.14167266326,36.70650999220
ID1461,1.14167266326,36.71549314480
ID1462,1.14167266326,36.72447629730
ID1463,1.14167266326,36.73345945080
ID1464,1.14167266326,36.74244260330
ID1465,1.14167266326,36.75142575590
ID1466,1.14167266326,36.76040890930
ID1467,1.14167266326,36.76939206190
ID1468,1.14167266326,36.77837521440
ID1469,1.14167266326,36.78735836790
ID1470,1.14167266326,36.79634152040
ID1471,1.14167266326,36.80532467300
ID1472,1.14167266326,36.81430782640
ID1473,1.14167266326,36.82329097900
ID1474,1.14167266326,36.83227413150
ID1475,1.14167266326,36.84125728500
ID1476,1.14167266326,36.85024043750
ID1477,1.14167266326,36.85922359010
ID1478,1.14167266326,36.86820674350
ID1479,1.14167266326,36.87718989610
ID1480,1.14167266326,36.88617304860
ID1481,1.14167266326,36.89515620120
ID1482,1.15065401897,36.39209964220
ID1483,1.15065401897,36.40108279560
ID1484,1.15065401897,36.41006594820
ID1485,1.15065401897,36.41904910070
ID1486,1.15065401897,36.42803225420
ID1487,1.15065401897,36.43701540670
ID1488,1.15065401897,36.44599855930
ID1489,1.15065401897,36.45498171270
ID1490,1.15065401897,36.46396486530
ID1491,1.15065401897,36.47294801780
ID1492,1.15065401897,36.48193117130
ID1493,1.15065401897,36.49091432380
ID1494,1.15065401897,36.49989747640
ID1495,1.15065401897,36.50888062980
ID1496,1.15065401897,36.51786378240
ID1497,1.15065401897,36.52684693490
ID1498,1.15065401897,36.53583008840
ID1499,1.15065401897,36.54481324090
ID1500,1.15065401897,36.55379639350
ID1501,1.15065401897,36.56277954690
ID1502,1.15065401897,36.57176269950
ID1503,1.15065401897,36.58074585200
ID1504,1.15065401897,36.58972900460
ID1505,1.15065401897,36.59871215800
ID1506,1.15065401897,36.60769531060
ID1507,1.15065401897,36.61667846310
ID1508,1.15065401897,36.62566161660
ID1509,1.15065401897,36.63464476910
ID1510,1.15065401897,36.64362792170
ID1511,1.15065401897,36.65261107510
ID1512,1.15065401897,36.66159422770
ID1513,1.15065401897,36.67057738020
ID1514,1.15065401897,36.67956053370
ID1515,1.15065401897,36.68854368620
ID1516,1.15065401897,36.69752683880
ID1517,1.15065401897,36.70650999220
ID1518,1.15065401897,36.71549314480
ID1519,1.15065401897,36.72447629730
ID1520,1.15065401897,36.73345945080
ID1521,1.15065401897,36.74244260330
ID1522,1.15065401897,36.75142575590
ID1523,1.15065401897,36.76040890930
ID1524,1.15065401897,36.76939206190
ID1525,1.15065401897,36.77837521440
ID1526,1.15065401897,36.78735836790
ID1527,1.15065401897,36.79634152040
ID1528,1.15065401897,36.80532467300
ID1529,1.15065401897,36.81430782640
ID1530,1.15065401897,36.82329097900
ID1531,1.15065401897,36.83227413150
ID1532,1.15065401897,36.84125728500
ID1533,1.15065401897,36.85024043750
ID1534,1.15065401897,36.85922359010
ID1535,1.15065401897,36.86820674350
ID1536,1.15065401897,36.87718989610
ID1537,1.15065401897,36.88617304860
ID1538,1.15065401897,36.89515620120
ID1539,1.15963534589,36.39209964220
ID1540,1.15963534589,36.40108279560
ID1541,1.15963534589,36.41006594820
ID1542,1.15963534589,36.41904910070
ID1543,1.15963534589,36.42803225420
ID1544,1.15963534589,36.43701540670
ID1545,1.15963534589,36.44599855930
ID1546,1.15963534589,36.45498171270
ID1547,1.15963534589,36.46396486530
ID1548,1.15963534589,36.47294801780
ID1549,1.15963534589,36.48193117130
ID1550,1.15963534589,36.49091432380
ID1551,1.15963534589,36.49989747640
ID1552,1.15963534589,36.50888062980
ID1553,1.15963534589,36.51786378240
ID1554,1.15963534589,36.52684693490
ID1555,1.15963534589,36.53583008840
ID1556,1.15963534589,36.54481324090
ID1557,1.15963534589,36.55379639350
ID1558,1.15963534589,36.56277954690
ID1559,1.15963534589,36.57176269950
ID1560,1.15963534589,36.58074585200
ID1561,1.15963534589,36.58972900460
ID1562,1.15963534589,36.59871215800
ID1563,1.15963534589,36.60769531060
ID1564,1.15963534589,36.61667846310
ID1565,1.15963534589,36.62566161660
ID1566,1.15963534589,36.63464476910
ID1567,1.15963534589,36.64362792170
ID1568,1.15963534589,36.65261107510
ID1569,1.15963534589,36.66159422770
ID1570,1.15963534589,36.67057738020
ID1571,1.15963534589,36.67956053370
ID1572,1.15963534589,36.68854368620
ID1573,1.15963534589,36.69752683880
ID1574,1.15963534589,36.70650999220
ID1575,1.15963534589,36.71549314480
ID1576,1.15963534589,36.72447629730
ID1577,1.15963534589,36.73345945080
ID1578,1.15963534589,36.74244260330
ID1579,1.15963534589,36.75142575590
ID1580,1.15963534589,36.76040890930
ID1581,1.15963534589,36.76939206190
ID1582,1.15963534589,36.77837521440
ID1583,1.15963534589,36.78735836790
ID1584,1.15963534589,36.79634152040
ID1585,1.15963534589,36.80532467300
ID1586,1.15963534589,36.81430782640
ID1587,1.15963534589,36.82329097900
ID1588,1.15963534589,36.83227413150
ID1589,1.15963534589,36.84125728500
ID1590,1.15963534589,36.85024043750
ID1591,1.15963534589,36.85922359010
ID1592,1.15963534589,36.86820674350
ID1593,1.15963534589,36.87718989610
ID1594,1.15963534589,36.88617304860
ID1595,1.15963534589,36.89515620120
ID1596,1.16861664494,36.39209964220
ID1597,1.16861664494,36.40108279560
ID1598,1.16861664494,36.41006594820
ID1599,1.16861664494,36.41904910070
ID1600,1.16861664494,36.42803225420
ID1601,1.16861664494,36.43701540670
ID1602,1.16861664494,36.44599855930
ID1603,1.16861664494,36.45498171270
ID1604,1.16861664494,36.46396486530
ID1605,1.16861664494,36.47294801780
ID1606,1.16861664494,36.48193117130
ID1607,1.16861664494,36.49091432380
ID1608,1.16861664494,36.49989747640
ID1609,1.16861664494,36.50888062980
ID1610,1.16861664494,36.51786378240
ID1611,1.16861664494,36.52684693490
ID1612,1.16861664494,36.53583008840
ID1613,1.16861664494,36.54481324090
ID1614,1.16861664494,36.55379639350
ID1615,1.16861664494,36.56277954690
ID1616,1.16861664494,36.57176269950
ID1617,1.16861664494,36.58074585200
ID1618,1.16861664494,36.58972900460
ID1619,1.16861664494,36.59871215800
ID1620,1.16861664494,36.60769531060
ID1621,1.16861664494,36.61667846310
ID1622,1.16861664494,36.62566161660
ID1623,1.16861664494,36.63464476910
ID1624,1.16861664494,36.64362792170
ID1625,1.16861664494,36.65261107510
ID1626,1.16861664494,36.66159422770
ID1627,1.16861664494,36.67057738020
ID1628,1.16861664494,36.67956053370
ID1629,1.16861664494,36.68854368620
ID1630,1.16861664494,36.69752683880
ID1631,1.16861664494,36.70650999220
ID1632,1.16861664494,36.71549314480
ID1633,1.16861664494,36.72447629730
ID1634,1.16861664494,36.73345945080
ID1635,1.16861664494,36.74244260330
ID1636,1.16861664494,36.75142575590
ID1637,1.16861664494,36.76040890930
ID1638,1.16861664494,36.76939206190
ID1639,1.16861664494,36.77837521440
ID1640,1.16861664494,36.78735836790
ID1641,1.16861664494,36.79634152040
ID1642,1.16861664494,36.80532467300
ID1643,1.16861664494,36.81430782640
ID1644,1.16861664494,36.82329097900
ID1645,1.16861664494,36.83227413150
ID1646,1.16861664494,36.84125728500
ID1647,1.16861664494,36.85024043750
ID1648,1.16861664494,36.85922359010
ID1649,1.16861664494,36.86820674350
ID1650,1.16861664494,36.87718989610
ID1651,1.16861664494,36.88617304860
ID1652,1.16861664494,36.89515620120
ID1653,1.17759791431,36.39209964220
ID1654,1.17759791431,36.40108279560
ID1655,1.17759791431,36.41006594820
ID1656,1.17759791431,36.41904910070
ID1657,1.17759791431,36.42803225420
ID1658,1.17759791431,36.43701540670
ID1659,1.17759791431,36.44599855930
ID1660,1.17759791431,36.45498171270
ID1661,1.17759791431,36.46396486530
ID1662,1.17759791431,36.47294801780
ID1663,1.17759791431,36.48193117130
ID1664,1.17759791431,36.49091432380
ID1665,1.17759791431,36.49989747640
ID1666,1.17759791431,36.50888062980
ID1667,1.17759791431,36.51786378240
ID1668,1.17759791431,36.52684693490
ID1669,1.17759791431,36.53583008840
ID1670,1.17759791431,36.54481324090
ID1671,1.17759791431,36.55379639350
ID1672,1.17759791431,36.56277954690
ID1673,1.17759791431,36.57176269950
ID1674,1.17759791431,36.58074585200
ID1675,1.17759791431,36.58972900460
ID1676,1.17759791431,36.59871215800
ID1677,1.17759791431,36.60769531060
ID1678,1.17759791431,36.61667846310
ID1679,1.17759791431,36.62566161660
ID1680,1.17759791431,36.63464476910
ID1681,1.17759791431,36.64362792170
ID1682,1.17759791431,36.65261107510
ID1683,1.17759791431,36.66159422770
ID1684,1.17759791431,36.67057738020
ID1685,1.17759791431,36.67956053370
ID1686,1.17759791431,36.68854368620
ID1687,1.17759791431,36.69752683880
ID1688,1.17759791431,36.70650999220
ID1689,1.17759791431,36.71549314480
ID1690,1.17759791431,36.72447629730
ID1691,1.17759791431,36.73345945080
ID1692,1.17759791431,36.74244260330
ID1693,1.17759791431,36.75142575590
ID1694,1.17759791431,36.76040890930
ID1695,1.17759791431,36.76939206190
ID1696,1.17759791431,36.77837521440
ID1697,1.17759791431,36.78735836790
ID1698,1.17759791431,36.79634152040
ID1699,1.17759791431,36.80532467300
ID1700,1.17759791431,36.81430782640
ID1701,1.17759791431,36.82329097900
ID1702,1.17759791431,36.83227413150
ID1703,1.17759791431,36.84125728500
ID1704,1.17759791431,36.85024043750
ID1705,1.17759791431,36.85922359010
ID1706,1.17759791431,36.86820674350
ID1707,1.17759791431,36.87718989610
ID1708,1.17759791431,36.88617304860
ID1709,1.17759791431,36.89515620120
ID1710,1.18657915580,36.39209964220
ID1711,1.18657915580,36.40108279560
ID1712,1.18657915580,36.41006594820
ID1713,1.18657915580,36.41904910070
ID1714,1.18657915580,36.42803225420
ID1715,1.18657915580,36.43701540670
ID1716,1.18657915580,36.44599855930
ID1717,1.18657915580,36.45498171270
ID1718,1.18657915580,36.46396486530
ID1719,1.18657915580,36.47294801780
ID1720,1.18657915580,36.48193117130
ID1721,1.18657915580,36.49091432380
ID1722,1.18657915580,36.49989747640
ID1723,1.18657915580,36.50888062980
ID1724,1.18657915580,36.51786378240
ID1725,1.18657915580,36.52684693490
ID1726,1.18657915580,36.53583008840
ID1727,1.18657915580,36.54481324090
ID1728,1.18657915580,36.55379639350
ID1729,1.18657915580,36.56277954690
ID1730,1.18657915580,36.57176269950
ID1731,1.18657915580,36.58074585200
ID1732,1.18657915580,36.58972900460
ID1733,1.18657915580,36.59871215800
ID1734,1.18657915580,36.60769531060
ID1735,1.18657915580,36.61667846310
ID1736,1.18657915580,36.62566161660
ID1737,1.18657915580,36.63464476910
ID1738,1.18657915580,36.64362792170
ID1739,1.18657915580,36.65261107510
ID1740,1.18657915580,36.66159422770
ID1741,1.18657915580,36.67057738020
ID1742,1.18657915580,36.67956053370
ID1743,1.18657915580,36.68854368620
ID1744,1.18657915580,36.69752683880
ID1745,1.18657915580,36.70650999220
ID1746,1.18657915580,36.71549314480
ID1747,1.18657915580,36.72447629730
ID1748,1.18657915580,36.73345945080
ID1749,1.18657915580,36.74244260330
ID1750,1.18657915580,36.75142575590
ID1751,1.18657915580,36.76040890930
ID1752,1.18657915580,36.76939206190
ID1753,1.18657915580,36.77837521440
ID1754,1.18657915580,36.78735836790
ID1755,1.18657915580,36.79634152040
ID1756,1.18657915580,36.80532467300
ID1757,1.18657915580,36.81430782640
ID1758,1.18657915580,36.82329097900
ID1759,1.18657915580,36.83227413150
ID1760,1.18657915580,36.84125728500
ID1761,1.18657915580,36.85024043750
ID1762,1.18657915580,36.85922359010
ID1763,1.18657915580,36.86820674350
ID1764,1.18657915580,36.87718989610
ID1765,1.18657915580,36.88617304860
ID1766,1.18657915580,36.89515620120
ID1767,1.19556036762,36.39209964220
ID1768,1.19556036762,36.40108279560
ID1769,1.19556036762,36.41006594820
ID1770,1.19556036762,36.41904910070
ID1771,1.19556036762,36.42803225420
ID1772,1.19556036762,36.43701540670
ID1773,1.19556036762,36.44599855930
ID1774,1.19556036762,36.45498171270
ID1775,1.19556036762,36.46396486530
ID1776,1.19556036762,36.47294801780
ID1777,1.19556036762,36.48193117130
ID1778,1.19556036762,36.49091432380
ID1779,1.19556036762,36.49989747640
ID1780,1.19556036762,36.50888062980
ID1781,1.19556036762,36.51786378240
ID1782,1.19556036762,36.52684693490
ID1783,1.19556036762,36.53583008840
ID1784,1.19556036762,36.54481324090
ID1785,1.19556036762,36.55379639350
ID1786,1.19556036762,36.56277954690
ID1787,1.19556036762,36.57176269950
ID1788,1.19556036762,36.58074585200
ID1789,1.19556036762,36.58972900460
ID1790,1.19556036762,36.59871215800
ID1791,1.19556036762,36.60769531060
ID1792,1.19556036762,36.61667846310
ID1793,1.19556036762,36.62566161660
ID1794,1.19556036762,36.63464476910
ID1795,1.19556036762,36.64362792170
ID1796,1.19556036762,36.65261107510
ID1797,1.19556036762,36.66159422770
ID1798,1.19556036762,36.67057738020
ID1799,1.19556036762,36.67956053370
ID1800,1.19556036762,36.68854368620
ID1801,1.19556036762,36.69752683880
ID1802,1.19556036762,36.70650999220
ID1803,1.19556036762,36.71549314480
ID1804,1.19556036762,36.72447629730
ID1805,1.19556036762,36.73345945080
ID1806,1.19556036762,36.74244260330
ID1807,1.19556036762,36.75142575590
ID1808,1.19556036762,36.76040890930
ID1809,1.19556036762,36.76939206190
ID1810,1.19556036762,36.77837521440
ID1811,1.19556036762,36.78735836790
ID1812,1.19556036762,36.79634152040
ID1813,1.19556036762,36.80532467300
ID1814,1.19556036762,36.81430782640
ID1815,1.19556036762,36.82329097900
ID1816,1.19556036762,36.83227413150
ID1817,1.19556036762,36.84125728500
ID1818,1.19556036762,36.85024043750
ID1819,1.19556036762,36.85922359010
ID1820,1.19556036762,36.86820674350
ID1821,1.19556036762,36.87718989610
ID1822,1.19556036762,36.88617304860
ID1823,1.19556036762,36.89515620120
ID1824,1.20454154975,36.39209964220
ID1825,1.20454154975,36.40108279560
ID1826,1.20454154975,36.41006594820
ID1827,1.20454154975,36.41904910070
ID1828,1.20454154975,36.42803225420
ID1829,1.20454154975,36.43701540670
ID1830,1.20454154975,36.44599855930
ID1831,1.20454154975,36.45498171270
ID1832,1.20454154975,36.46396486530
ID1833,1.20454154975,36.47294801780
ID1834,1.20454154975,36.48193117130
ID1835,1.20454154975,36.49091432380
ID1836,1.20454154975,36.49989747640
ID1837,1.20454154975,36.50888062980
ID1838,1.20454154975,36.51786378240
ID1839,1.20454154975,36.52684693490
ID1840,1.20454154975,36.53583008840
ID1841,1.20454154975,36.54481324090
ID1842,1.20454154975,36.55379639350
ID1843,1.20454154975,36.56277954690
ID1844,1.20454154975,36.57176269950
ID1845,1.20454154975,36.58074585200
ID1846,1.20454154975,36.58972900460
ID1847,1.20454154975,36.59871215800
ID1848,1.20454154975,36.60769531060
ID1849,1.20454154975,36.61667846310
ID1850,1.20454154975,36.62566161660
ID1851,1.20454154975,36.63464476910
ID1852,1.20454154975,36.64362792170
ID1853,1.20454154975,36.65261107510
ID1854,1.20454154975,36.66159422770
ID1855,1.20454154975,36.67057738020
ID1856,1.20454154975,36.67956053370
ID1857,1.20454154975,36.68854368620
ID1858,1.20454154975,36.69752683880
ID1859,1.20454154975,36.70650999220
ID1860,1.20454154975,36.71549314480
ID1861,1.20454154975,36.72447629730
ID1862,1.20454154975,36.73345945080
ID1863,1.20454154975,36.74244260330
ID1864,1.20454154975,36.75142575590
ID1865,1.20454154975,36.76040890930
ID1866,1.20454154975,36.76939206190
ID1867,1.20454154975,36.77837521440
ID1868,1.20454154975,36.78735836790
ID1869,1.20454154975,36.79634152040
ID1870,1.20454154975,36.80532467300
ID1871,1.20454154975,36.81430782640
ID1872,1.20454154975,36.82329097900
ID1873,1.20454154975,36.83227413150
ID1874,1.20454154975,36.84125728500
ID1875,1.20454154975,36.85024043750
ID1876,1.20454154975,36.85922359010
ID1877,1.20454154975,36.86820674350
ID1878,1.20454154975,36.87718989610
ID1879,1.20454154975,36.88617304860
ID1880,1.20454154975,36.89515620120
ID1881,1.21352270311,36.39209964220
ID1882,1.21352270311,36.40108279560
ID1883,1.21352270311,36.41006594820
ID1884,1.21352270311,36.41904910070
ID1885,1.21352270311,36.42803225420
ID1886,1.21352270311,36.43701540670
ID1887,1.21352270311,36.44599855930
ID1888,1.21352270311,36.45498171270
ID1889,1.21352270311,36.46396486530
ID1890,1.21352270311,36.47294801780
ID1891,1.21352270311,36.48193117130
ID1892,1.21352270311,36.49091432380
ID1893,1.21352270311,36.49989747640
ID1894,1.21352270311,36.50888062980
ID1895,1.21352270311,36.51786378240
ID1896,1.21352270311,36.52684693490
ID1897,1.21352270311,36.53583008840
ID1898,1.21352270311,36.54481324090
ID1899,1.21352270311,36.55379639350
ID1900,1.21352270311,36.56277954690
ID1901,1.21352270311,36.57176269950
ID1902,1.21352270311,36.58074585200
ID1903,1.21352270311,36.58972900460
ID1904,1.21352270311,36.59871215800
ID1905,1.21352270311,36.60769531060
ID1906,1.21352270311,36.61667846310
ID1907,1.21352270311,36.62566161660
ID1908,1.21352270311,36.63464476910
ID1909,1.21352270311,36.64362792170
ID1910,1.21352270311,36.65261107510
ID1911,1.21352270311,36.66159422770
ID1912,1.21352270311,36.67057738020
ID1913,1.21352270311,36.67956053370
ID1914,1.21352270311,36.68854368620
ID1915,1.21352270311,36.69752683880
ID1916,1.21352270311,36.70650999220
ID1917,1.21352270311,36.71549314480
ID1918,1.21352270311,36.72447629730
ID1919,1.21352270311,36.73345945080
ID1920,1.21352270311,36.74244260330
ID1921,1.21352270311,36.75142575590
ID1922,1.21352270311,36.76040890930
ID1923,1.21352270311,36.76939206190
ID1924,1.21352270311,36.77837521440
ID1925,1.21352270311,36.78735836790
ID1926,1.21352270311,36.79634152040
ID1927,1.21352270311,36.80532467300
ID1928,1.21352270311,36.81430782640
ID1929,1.21352270311,36.82329097900
ID1930,1.21352270311,36.83227413150
ID1931,1.21352270311,36.84125728500
ID1932,1.21352270311,36.85024043750
ID1933,1.21352270311,36.85922359010
ID1934,1.21352270311,36.86820674350
ID1935,1.21352270311,36.87718989610
ID1936,1.21352270311,36.88617304860
ID1937,1.21352270311,36.89515620120
ID1938,1.22250382589,36.39209964220
ID1939,1.22250382589,36.40108279560
ID1940,1.22250382589,36.41006594820
ID1941,1.22250382589,36.41904910070
ID1942,1.22250382589,36.42803225420
ID1943,1.22250382589,36.43701540670
ID1944,1.22250382589,36.44599855930
ID1945,1.22250382589,36.45498171270
ID1946,1.22250382589,36.46396486530
ID1947,1.22250382589,36.47294801780
ID1948,1.22250382589,36.48193117130
ID1949,1.22250382589,36.49091432380
ID1950,1.22250382589,36.49989747640
ID1951,1.22250382589,36.50888062980
ID1952,1.22250382589,36.51786378240
ID1953,1.22250382589,36.52684693490
ID1954,1.22250382589,36.53583008840
ID1955,1.22250382589,36.54481324090
ID1956,1.22250382589,36.55379639350
ID1957,1.22250382589,36.56277954690
ID1958,1.22250382589,36.57176269950
ID1959,1.22250382589,36.58074585200
ID1960,1.22250382589,36.58972900460
ID1961,1.22250382589,36.59871215800
ID1962,1.22250382589,36.60769531060
ID1963,1.22250382589,36.61667846310
ID1964,1.22250382589,36.62566161660
ID1965,1.22250382589,36.63464476910
ID1966,1.22250382589,36.64362792170
ID1967,1.22250382589,36.65261107510
ID1968,1.22250382589,36.66159422770
ID1969,1.22250382589,36.67057738020
ID1970,1.22250382589,36.67956053370
ID1971,1.22250382589,36.68854368620
ID1972,1.22250382589,36.69752683880
ID1973,1.22250382589,36.70650999220
ID1974,1.22250382589,36.71549314480
ID1975,1.22250382589,36.72447629730
ID1976,1.22250382589,36.73345945080
ID1977,1.22250382589,36.74244260330
ID1978,1.22250382589,36.75142575590
ID1979,1.22250382589,36.76040890930
ID1980,1.22250382589,36.76939206190
ID1981,1.22250382589,36.77837521440
ID1982,1.22250382589,36.78735836790
ID1983,1.22250382589,36.79634152040
ID1984,1.22250382589,36.80532467300
ID1985,1.22250382589,36.81430782640
ID1986,1.22250382589,36.82329097900
ID1987,1.22250382589,36.83227413150
ID1988,1.22250382589,36.84125728500
ID1989,1.22250382589,36.85024043750
ID1990,1.22250382589,36.85922359010
ID1991,1.22250382589,36.86820674350
ID1992,1.22250382589,36.87718989610
ID1993,1.22250382589,36.88617304860
ID1994,1.22250382589,36.89515620120
ID1995,1.23148491899,36.39209964220
ID1996,1.23148491899,36.40108279560
ID1997,1.23148491899,36.41006594820
ID1998,1.23148491899,36.41904910070
ID1999,1.23148491899,36.42803225420
ID2000,1.23148491899,36.43701540670
ID2001,1.23148491899,36.44599855930
ID2002,1.23148491899,36.45498171270
ID2003,1.23148491899,36.46396486530
ID2004,1.23148491899,36.47294801780
ID2005,1.23148491899,36.48193117130
ID2006,1.23148491899,36.49091432380
ID2007,1.23148491899,36.49989747640
ID2008,1.23148491899,36.50888062980
ID2009,1.23148491899,36.51786378240
ID2010,1.23148491899,36.52684693490
ID2011,1.23148491899,36.53583008840
ID2012,1.23148491899,36.54481324090
ID2013,1.23148491899,36.55379639350
ID2014,1.23148491899,36.56277954690
ID2015,1.23148491899,36.57176269950
ID2016,1.23148491899,36.58074585200
ID2017,1.23148491899,36.58972900460
ID2018,1.23148491899,36.59871215800
ID2019,1.23148491899,36.60769531060
ID2020,1.23148491899,36.61667846310
ID2021,1.23148491899,36.62566161660
ID2022,1.23148491899,36.63464476910
ID2023,1.23148491899,36.64362792170
ID2024,1.23148491899,36.65261107510
ID2025,1.23148491899,36.66159422770
ID2026,1.23148491899,36.67057738020
ID2027,1.23148491899,36.67956053370
ID2028,1.23148491899,36.68854368620
ID2029,1.23148491899,36.69752683880
ID2030,1.23148491899,36.70650999220
ID2031,1.23148491899,36.71549314480
ID2032,1.23148491899,36.72447629730
ID2033,1.23148491899,36.73345945080
ID2034,1.23148491899,36.74244260330
ID2035,1.23148491899,36.75142575590
ID2036,1.23148491899,36.76040890930
ID2037,1.23148491899,36.76939206190
ID2038,1.23148491899,36.77837521440
ID2039,1.23148491899,36.78735836790
ID2040,1.23148491899,36.79634152040
ID2041,1.23148491899,36.80532467300
ID2042,1.23148491899,36.81430782640
ID2043,1.23148491899,36.82329097900
ID2044,1.23148491899,36.83227413150
ID2045,1.23148491899,36.84125728500
ID2046,1.23148491899,36.85024043750
ID2047,1.23148491899,36.85922359010
ID2048,1.23148491899,36.86820674350
ID2049,1.23148491899,36.87718989610
ID2050,1.23148491899,36.88617304860
ID2051,1.23148491899,36.89515620120
ID2052,1.24046598152,36.39209964220
ID2053,1.24046598152,36.40108279560
ID2054,1.24046598152,36.41006594820
ID2055,1.24046598152,36.41904910070
ID2056,1.24046598152,36.42803225420
ID2057,1.24046598152,36.43701540670
ID2058,1.24046598152,36.44599855930
ID2059,1.24046598152,36.45498171270
ID2060,1.24046598152,36.46396486530
ID2061,1.24046598152,36.47294801780
ID2062,1.24046598152,36.48193117130
ID2063,1.24046598152,36.49091432380
ID2064,1.24046598152,36.49989747640
ID2065,1.24046598152,36.50888062980
ID2066,1.24046598152,36.51786378240
ID2067,1.24046598152,36.52684693490
ID2068,1.24046598152,36.53583008840
ID2069,1.24046598152,36.54481324090
ID2070,1.24046598152,36.55379639350
ID2071,1.24046598152,36.56277954690
ID2072,1.24046598152,36.57176269950
ID2073,1.24046598152,36.58074585200
ID2074,1.24046598152,36.58972900460
ID2075,1.24046598152,36.59871215800
ID2076,1.24046598152,36.60769531060
ID2077,1.24046598152,36.61667846310
ID2078,1.24046598152,36.62566161660
ID2079,1.24046598152,36.63464476910
ID2080,1.24046598152,36.64362792170
ID2081,1.24046598152,36.65261107510
ID2082,1.24046598152,36.66159422770
ID2083,1.24046598152,36.67057738020
ID2084,1.24046598152,36.67956053370
ID2085,1.24046598152,36.68854368620
ID2086,1.24046598152,36.69752683880
ID2087,1.24046598152,36.70650999220
ID2088,1.24046598152,36.71549314480
ID2089,1.24046598152,36.72447629730
ID2090,1.24046598152,36.73345945080
ID2091,1.24046598152,36.74244260330
ID2092,1.24046598152,36.75142575590
ID2093,1.24046598152,36.76040890930
ID2094,1.24046598152,36.76939206190
ID2095,1.24046598152,36.77837521440
ID2096,1.24046598152,36.78735836790
ID2097,1.24046598152,36.79634152040
ID2098,1.24046598152,36.80532467300
ID2099,1.24046598152,36.81430782640
ID2100,1.24046598152,36.82329097900
ID2101,1.24046598152,36.83227413150
ID2102,1.24046598152,36.84125728500
ID2103,1.24046598152,36.85024043750
ID2104,1.24046598152,36.85922359010
ID2105,1.24046598152,36.86820674350
ID2106,1.24046598152,36.87718989610
ID2107,1.24046598152,36.88617304860
ID2108,1.24046598152,36.89515620120
