ID,mean
ID798,0.5913176522535436
ID741,0.5810058832168579
ID855,0.5108211811851052
ID912,0.40461235186632943
ID969,0.34333234113805433
ID1083,0.35729646647677704
ID1140,0.36670823482906123
ID1026,0.3521788200911354
ID970,0.383079411352382
ID1027,0.3514629441149094
ID971,0.4028411823160508
ID972,0.39518882877686445
ID1028,0.3688323536339928
ID1029,0.36416999697685243
ID1085,0.3825323518584756
ID1086,0.3547747089582331
ID1084,0.35479588087867286
ID1141,0.3858900000067318
ID1142,0.38774470792097204
ID1143,0.3682976494817173
ID1087,0.3478205919265747
ID1144,0.3658252982532277
ID1145,0.4205788296811721
ID1088,0.41561588574858277
ID1031,0.420710585047217
ID1030,0.36974764220854817
ID973,0.42820235140183394
ID974,0.467335289366105
ID917,0.5622264805962057
ID916,0.5220729547388414
ID860,0.6460976628696218
ID859,0.6165864874334896
ID915,0.4711564814343172
ID858,0.5679023518281825
ID914,0.46361118590130523
ID913,0.4304453043376698
ID856,0.535990598973106
ID857,0.5554382464464973
ID800,0.6747994156444774
ID801,0.655226462728837
ID799,0.6496070665471694
ID742,0.6152223502888399
ID743,0.6448876352871166
ID744,0.594321760710548
ID745,0.5594617640270907
ID802,0.6401005955303417
ID803,0.6514464771046358
ID746,0.569606473866631
ID687,0.5419499968781191
ID688,0.4927388170186211
ID689,0.4917958848616656
ID632,0.48885411374709187
ID631,0.481263523943284
ID575,0.4629076568519368
ID574,0.4198423592483296
ID630,0.5066929466584149
ID573,0.42557764894822064
ID686,0.5864664687829859
ID629,0.5287570616778206
ID685,0.5499464785351472
ID628,0.5385629681979909
ID572,0.486222938229056
ID571,0.5292535382158616
ID570,0.5635182492873247
ID627,0.5425006046014673
ID684,0.5284235154881196
ID513,0.516596477171954
ID456,0.5039435344583848
ID399,0.520910583524143
ID400,0.535521168568555
ID401,0.5372329424409306
ID402,0.4979370650123147
ID457,0.5102805880939258
ID458,0.48569411565275755
ID459,0.4513970718664282
ID514,0.5115717453115126
ID515,0.4818358715842752
ID516,0.4223717693020315
ID460,0.42637000504662004
ID517,0.3939676565282485
ID518,0.4160817735335406
ID461,0.3973864744691288
ID404,0.4025917750947616
ID403,0.45821765871608955
ID345,0.517085874781889
ID346,0.4611111872336444
ID347,0.41706766521229466
ID405,0.40709352703655466
ID348,0.3815129371250377
ID462,0.4370517653577468
ID406,0.41476411118226897
ID463,0.4648511714795056
ID349,0.3562699857880087
ID407,0.4105358856565812
ID350,0.34502293362337
ID408,0.3931923547211815
ID351,0.34074588242699116
ID352,0.3741270528120153
ID409,0.43026704788208003
ID465,0.4519823656362646
ID466,0.47894883366192087
ID464,0.45942412369391494
ID521,0.4937158682767082
ID520,0.5052211726413054
ID522,0.490501764942618
ID523,0.48154941586887134
ID579,0.4576517624013564
ID580,0.43187469594618855
ID578,0.453544112514047
ID577,0.45871882543844333
ID576,0.4699182503363665
ID519,0.4791341276729808
ID633,0.46263999798718625
ID634,0.42232881644192866
ID691,0.435472346053404
ID690,0.474647057056427
ID747,0.5613758900586296
ID748,0.5204470732632804
ID692,0.4145852874307071
ID693,0.3982941136640661
ID749,0.4637694169493282
ID750,0.4408017568728503
ID751,0.499014700160307
ID694,0.4407782449441798
ID637,0.4041411841616911
ID636,0.40916236148161045
ID635,0.4192529446938459
ID581,0.4416899975608377
ID638,0.45301352879580326
ID582,0.4881382283042459
ID639,0.4954076409339905
ID696,0.49178117057856396
ID695,0.4713135351152981
ID752,0.524308241816128
ID753,0.5352547140682444
ID697,0.5010929356603061
ID754,0.5192558975780711
ID698,0.5196905977585737
ID755,0.5279982580858118
ID756,0.5520229388685787
ID699,0.537147057757658
ID642,0.5394099929753472
ID641,0.518145873967339
ID640,0.5113758683204651
ID583,0.519845261293299
ID584,0.5479840811561136
ID585,0.5648335148306454
ID528,0.5792347304961261
ID527,0.5685029359424816
ID526,0.5360117393381456
ID470,0.5602164927650901
ID471,0.5801700150265413
ID469,0.5315870572538937
ID468,0.5141135398079367
ID525,0.5090394013068256
ID524,0.4670182273668402
ID467,0.4948535305612228
ID411,0.49277059821521535
ID410,0.47837058656355913
ID353,0.4112017536864561
ID354,0.429979996470844
ID412,0.5314300053259906
ID355,0.4926211763830746
ID413,0.5576347196803373
ID414,0.5518123500487384
ID356,0.5351600085987764
ID357,0.5186764871372896
ID415,0.4809188201146967
ID358,0.4498694265589994
ID416,0.4321317735840292
ID359,0.39517824369318344
ID472,0.5024811821825363
ID473,0.4724876593140995
ID529,0.4894629520528456
ID586,0.5229317777297076
ID530,0.5032917541616103
ID587,0.569703532667721
ID474,0.5031929520999684
ID531,0.5774011569864609
ID588,0.6064499714795282
ID532,0.5508400145698996
ID589,0.5433641048038708
ID475,0.5078676644493552
ID418,0.47695647127488083
ID417,0.4575876576059005
ID360,0.4398911816232345
ID361,0.46229177257593945
ID362,0.44096647080253154
ID419,0.49131059366114
ID363,0.3882547034936793
ID420,0.4484623582924113
ID476,0.5067435320685891
ID477,0.48631176247316255
ID478,0.4183976538041059
ID421,0.39075411593212805
ID364,0.34633469791973337
ID422,0.3901905929341036
ID365,0.341420582112144
ID423,0.40054293800802787
ID366,0.34952881546581493
ID479,0.4051105912993936
ID480,0.4215970523217145
ID535,0.4199658975881689
ID536,0.3875658785595613
ID537,0.41920058587018183
ID594,0.4183847048703362
ID593,0.41182998909669766
ID592,0.43346470734652354
ID591,0.4584905932931339
ID534,0.4708764777464025
ID533,0.4912300123887904
ID590,0.4767747065600227
ID647,0.47698823634315946
ID648,0.44296117460026463
ID646,0.5321388097370372
ID649,0.41365705658407775
ID650,0.4023100032525904
ID651,0.41100235406090235
ID706,0.40819528698921204
ID707,0.38287177506615133
ID708,0.3940864755826838
ID764,0.4121953038608327
ID765,0.40723176949164447
ID763,0.4352399931234472
ID762,0.45463175913866827
ID705,0.4408770519144395
ID704,0.4852052997140323
ID703,0.5165888232343337
ID761,0.5126664806814756
ID760,0.5315476445590748
ID759,0.5144358684034909
ID702,0.525911758927738
ID758,0.5175600002793705
ID701,0.5282129340312061
ID644,0.5841941111228045
ID645,0.5781446898684782
ID643,0.5427964589175056
ID700,0.5441511659061208
ID757,0.5638323573505177
ID813,0.5370146905674653
ID814,0.5582152899573831
ID815,0.5200641288476833
ID871,0.5591382230029387
ID872,0.5462235268424539
ID870,0.5649811604443719
ID927,0.6153476357460022
ID928,0.5669964692171883
ID984,0.5936923496863421
ID985,0.5518370530184578
ID929,0.5843699988196878
ID986,0.580355307635139
ID873,0.5444752889520982
ID930,0.5971846931120929
ID987,0.5946541225208957
ID931,0.585659988487468
ID988,0.5805553057614494
ID874,0.5586988119518056
ID817,0.5173982255599078
ID816,0.4897388209314907
ID818,0.5408546966664931
ID819,0.49144587025922887
ID875,0.5310152881285723
ID876,0.46263059237424065
ID877,0.4318182391278884
ID820,0.4558388163061703
ID821,0.4383417662452249
ID822,0.42134117028292484
ID879,0.39952058721991146
ID878,0.42008000892751357
ID934,0.409208235319923
ID935,0.4229182404630324
ID936,0.45896412344539866
ID993,0.5641235435710235
ID992,0.48195646790897145
ID991,0.43170940104652855
ID990,0.425251759150449
ID933,0.42557647087994743
ID932,0.5066905926255619
ID989,0.4855253033778247
ID1045,0.5604447238585528
ID1046,0.4744176545563866
ID1047,0.4232347109738518
ID1048,0.439342941606746
ID1049,0.4931164741516113
ID1050,0.6187017714276033
ID1105,0.44177058759857624
ID1106,0.5215941302916582
ID1107,0.6654817609226003
ID1163,0.6431805975296918
ID1164,0.6841076535337112
ID1162,0.601241159439087
ID1161,0.5456129375626059
ID1104,0.4531935327193316
ID1103,0.5040517694809857
ID1102,0.508683528619654
ID1159,0.48752352945944843
ID1160,0.5105888282551485
ID1158,0.5135805953951443
ID1101,0.5330258867319893
ID1157,0.5849194232155295
ID1100,0.5786952944362865
ID1043,0.5900317921357996
ID1044,0.5873847232145422
ID1042,0.5501211755415972
ID1041,0.536535291110768
ID1098,0.5244570669005899
ID1099,0.5701676410787245
ID1156,0.6132841334623449
ID1155,0.5936000003534205
ID1154,0.6083094007828656
ID1153,0.6129747061168447
ID1097,0.6206670676960664
ID1096,0.6691282286363489
ID1040,0.627905297279358
ID1039,0.659032922632554
ID1095,0.6328894019126892
ID1038,0.6394917558221256
ID1152,0.5922717431012321
ID1151,0.551566439516404
ID1094,0.6125670517192168
ID1150,0.5500311711255241
ID1093,0.6024000055649701
ID1036,0.6239005902234246
ID1037,0.6337341252495261
ID980,0.616308825156268
ID979,0.5980205942602719
ID981,0.6197852835935705
ID982,0.642158227107104
ID983,0.6362088252516354
ID926,0.6173476408509646
ID925,0.6153864601079155
ID924,0.5798323491040398
ID868,0.6047641038894653
ID867,0.5861682316836189
ID869,0.583964106615852
ID812,0.5354252976529739
ID811,0.5671923567267025
ID810,0.6002464645049151
ID866,0.5754117488861085
ID809,0.6013752867193782
ID808,0.5672988134271958
ID865,0.5838994005147149
ID922,0.572123524721931
ID923,0.5729952875305624
ID978,0.5725047083461986
ID921,0.5576982301824234
ID977,0.5385423632229076
ID920,0.5453488181619083
ID976,0.48458174537209897
ID919,0.5285558714586146
ID864,0.5581917538362391
ID863,0.5686011819278493
ID862,0.5951976579778335
ID807,0.5122147076270159
ID806,0.5595358918694888
ID805,0.6195170788203969
ID861,0.6337494078804464
ID804,0.6510164807824528
ID918,0.5366464572794297
ID975,0.4704429289873908
ID1032,0.46680411451003123
ID1089,0.4783000065999873
ID1033,0.4970611740561093
ID1090,0.5569288246771869
ID1034,0.5595953071818632
ID1035,0.601969417403726
ID1091,0.5598394085379208
ID1092,0.5649405844071332
ID1149,0.5544917555416331
ID1148,0.5491452806136188
ID1147,0.5534323573112487
ID1146,0.48349295644199153
ID1202,0.4077794039950651
ID1203,0.450740589464412
ID1259,0.43401528667001166
ID1260,0.42652058250763836
ID1204,0.5239823509665096
ID1261,0.44022763616898486
ID1205,0.5342058672624476
ID1206,0.5437899919117198
ID1207,0.4873500031583449
ID1263,0.5471276584793539
ID1264,0.4854682442019968
ID1262,0.5073947135139915
ID1318,0.4268829352715436
ID1319,0.5011458705453311
ID1320,0.5311952857410207
ID1321,0.4860864716417649
ID1377,0.5081123478272382
ID1378,0.5184629566529217
ID1376,0.47687116019866044
ID1375,0.4296188207233653
ID1317,0.4440405828111312
ID1374,0.4396793961524963
ID1316,0.43962588169995476
ID1373,0.4264558757052702
ID1430,0.4000376378788668
ID1431,0.41110469488536605
ID1432,0.4464129265616922
ID1487,0.3992170600330128
ID1488,0.46291589316199805
ID1544,0.38390058769899255
ID1545,0.46933883218204275
ID1489,0.4749070616329418
ID1546,0.5078258949167589
ID1433,0.48950940861421477
ID1490,0.5014000191408045
ID1434,0.5225688429439769
ID1491,0.5285547235432794
ID1547,0.5115612001980052
ID1548,0.5065023555475123
ID1549,0.5392805688521441
ID1492,0.5376717693665448
ID1435,0.5317811972954694
ID1379,0.5118388232062845
ID1436,0.5360552885953118
ID1380,0.4997741110184613
ID1437,0.5318782308522393
ID1493,0.5414970566244686
ID1550,0.5553005653269151
ID1494,0.531128820251016
ID1551,0.5411523377194125
ID1495,0.563103522272671
ID1438,0.5557694049442515
ID1552,0.5793435279060812
ID1496,0.5657358800663668
ID1553,0.5750870676601635
ID1554,0.5600011881660013
ID1497,0.5196858763694763
ID1439,0.5926276557585772
ID1440,0.5653353031943826
ID1383,0.5627223575816435
ID1382,0.5857258726568783
ID1381,0.5303699970245361
ID1326,0.5430341092979207
ID1325,0.5869652888354133
ID1324,0.5333158941829906
ID1268,0.6187870656742769
ID1269,0.5790188130210427
ID1267,0.5594323796384475
ID1266,0.5144376635551453
ID1323,0.4856582424219917
ID1322,0.46643764832440543
ID1265,0.4602335326811846
ID1209,0.5562170575646793
ID1208,0.4751252851065467
ID1210,0.5838959090849933
ID1211,0.5991429518250858
ID1212,0.5984152920105879
ID1213,0.5921629372765036
ID1214,0.569519396389232
ID1270,0.5471558697083417
ID1271,0.5525658537359799
ID1327,0.5232711756930633
ID1384,0.5958917624810163
ID1328,0.5923282223589279
ID1385,0.6534076452255249
ID1272,0.5026588166461271
ID1329,0.529686462879181
ID1386,0.5665941168280209
ID1330,0.5607646984212539
ID1387,0.565781185206245
ID1273,0.4685488297658808
ID1216,0.4811270605115329
ID1215,0.5228558806812063
ID1218,0.6116817677722257
ID1217,0.4916447064455817
ID1274,0.5296270510729622
ID1275,0.6223364815992467
ID1276,0.6302359005984137
ID1219,0.6943211709751802
ID1220,0.6503276404212502
ID1221,0.6302058893091539
ID1278,0.5464788212495691
ID1277,0.5281200079356922
ID1333,0.5946505981333114
ID1334,0.531590010138119
ID1335,0.5770935409209308
ID1332,0.6511258994831759
ID1389,0.6645923656575821
ID1331,0.6385705744518952
ID1388,0.6401105964885039
ID1444,0.5943823435727288
ID1445,0.6340217786676743
ID1446,0.6683453033952151
ID1447,0.5498899999786826
ID1390,0.5645358832443461
ID1391,0.5573600074824165
ID1392,0.6318506002426147
ID1448,0.5789823511067559
ID1449,0.6810411888010361
ID1504,0.5115852955509634
ID1505,0.5753570507554447
ID1506,0.6833141130559583
ID1563,0.6806352937922757
ID1562,0.6030723557752722
ID1561,0.565100591322955
ID1560,0.6465882413527545
ID1503,0.6200635405147777
ID1502,0.679574124953326
ID1501,0.6512364696053898
ID1558,0.6293776427998262
ID1559,0.6744905836441937
ID1557,0.5961476515321171
ID1500,0.6585429542204913
ID1556,0.6568170589559219
ID1499,0.660794124883764
ID1443,0.6467735276502722
ID1442,0.6776188275393318
ID1441,0.6446541105999666
ID1498,0.5866576510317185
ID1555,0.5893676484332365
ID1611,0.6184452800189748
ID1612,0.6434429287910461
ID1613,0.6620158791542052
ID1669,0.6399911768296186
ID1670,0.6124788186129402
ID1668,0.6428941081551944
ID1725,0.5799529426238117
ID1726,0.6215205837698543
ID1782,0.5910994235207053
ID1727,0.581528834735646
ID1671,0.5455847059979159
ID1728,0.5251305874656229
ID1729,0.5465405800763299
ID1672,0.5500458605149213
ID1615,0.5720264575060676
ID1614,0.5616088264128741
ID1616,0.5939505829530605
ID1617,0.5920658868901869
ID1673,0.5469605740378884
ID1674,0.5179411821505603
ID1618,0.5618123615489287
ID1675,0.4910335435586817
ID1619,0.5939282487420475
ID1620,0.6598664795651155
ID1677,0.6130458747639376
ID1676,0.5450817718225367
ID1732,0.478242362948025
ID1733,0.5256541301222408
ID1734,0.5698688380858478
ID1731,0.4917323498164906
ID1730,0.515942349504022
ID1786,0.5642894268035888
ID1787,0.5183506022481357
ID1788,0.5046717671787038
ID1843,0.5920864848529591
ID1844,0.569325310342452
ID1845,0.5345464678371654
ID1846,0.4912758813184851
ID1789,0.49710119051091806
ID1790,0.5485517852446613
ID1791,0.5733653138665592
ID1847,0.5284982386757346
ID1848,0.5892870664596558
ID1903,0.5424182344885433
ID1904,0.5443305955213659
ID1905,0.5895535356858197
ID1962,0.606523518001332
ID1961,0.5980499856612262
ID1960,0.6234429247239057
ID1959,0.6194293905706967
ID1902,0.5693805659518523
ID1901,0.5215376335031846
ID1900,0.5132241192985983
ID1958,0.5483270603067735
ID1957,0.5248523557887358
ID1899,0.5214758802862729
ID1956,0.5716064481174246
ID1955,0.6149129208396463
ID1898,0.5813199916306664
ID1842,0.5537629372933331
ID1841,0.6226135218844695
ID1785,0.5193241164964788
ID1784,0.607098827642553
ID1840,0.6749858715954948
ID1783,0.6293770530644585
ID1839,0.6454288300345925
ID1896,0.6491711798836204
ID1897,0.6964093965642593
ID1954,0.7227494106573218
ID1953,0.6902035320506377
ID1952,0.6505011586581959
ID1951,0.6463529236176435
ID1895,0.598258814390968
ID1894,0.5974976364304038
ID1838,0.5835711703580969
ID1837,0.5628805735531975
ID1893,0.6268364738015567
ID1836,0.5540964764707228
ID1950,0.6685688180081985
ID1949,0.6658394098281861
ID1892,0.6362476376926198
ID1948,0.6616517599891214
ID1891,0.6073358661988202
ID1834,0.5227982338737038
ID1835,0.5597417691174675
ID1779,0.5253617763519287
ID1778,0.5177635305068072
ID1777,0.4890188315335442
ID1780,0.5490070567411535
ID1781,0.5732158955405741
ID1724,0.5718505712116465
ID1723,0.5439693997888004
ID1722,0.5367905939326567
ID1666,0.6002299897810992
ID1665,0.5596994049408857
ID1667,0.6255752731772031
ID1610,0.5967482300365673
ID1609,0.6048605918884278
ID1608,0.567308814385358
ID1664,0.5465958623325122
ID1607,0.5656323390848496
ID1606,0.5437199894119711
ID1663,0.5631911740583532
ID1720,0.5077241105191848
ID1721,0.5227076299050275
ID1719,0.5197141254649443
ID1776,0.4773517580593334
ID1718,0.5190664796268238
ID1775,0.49995823257109695
ID1774,0.5251258857109967
ID1717,0.538047646073734
ID1662,0.5499006018919104
ID1661,0.5001500066588906
ID1660,0.4973788250895107
ID1605,0.5080352944486282
ID1604,0.5083364837309894
ID1603,0.4854335308074951
ID1659,0.47067293700049906
ID1602,0.43671823564697715
ID1601,0.3848217585507561
ID1658,0.3807688204681172
ID1715,0.39823470536400285
ID1716,0.5162605692358577
ID1773,0.5044952967587639
ID1772,0.41985999906764315
ID1830,0.5241976611754473
ID1829,0.49106706941829004
ID1831,0.5409417769488166
ID1833,0.5050623480011436
ID1832,0.5416182328672969
ID1888,0.6033041140612434
ID1889,0.6344058822183047
ID1890,0.6144770601216485
ID1947,0.662570589430192
ID1946,0.6233194140826954
ID1945,0.5780447013237897
ID1944,0.5690988302230835
ID1887,0.5815723629558788
ID1886,0.5697623645558076
ID1943,0.5676770546857048
ID1942,0.5155740822062773
ID1885,0.5007876452277689
ID1941,0.45219175675336054
ID1884,0.4664200039470897
ID1827,0.46241175707648785
ID1828,0.4678200118681964
ID1771,0.41662057638168337
ID1770,0.44276234051760505
ID1826,0.45571058778201834
ID1825,0.37581470643772796
ID1769,0.43798822725520414
ID1768,0.3804046981474932
ID1767,0.3401552817400764
ID1824,0.30827175308676324
ID1881,0.34520469623453476
ID1882,0.4301288285676171
ID1883,0.47564177653368783
ID1940,0.4322188300244948
ID1939,0.3638711810112
ID1938,0.29511588005458605
ID1710,0.4224488181226394
ID1653,0.45711764938691085
ID1596,0.39428352187661564
ID1539,0.31923058032989504
ID1540,0.3394317591891569
ID1597,0.38724706383312446
ID1541,0.3542217643821941
ID1598,0.37346588232937983
ID1542,0.3649041175842285
ID1599,0.38888294696807857
ID1654,0.4688970565795898
ID1655,0.41892587963272543
ID1656,0.4080488275079166
ID1711,0.4509999962414012
ID1712,0.4505558869417976
ID1713,0.44825587903752045
ID1657,0.3949276531443876
ID1714,0.40554705647861256
ID1600,0.3848917715689715
ID1543,0.3499623547582065
ID1486,0.35771530551068925
ID1429,0.3698441231951994
ID1485,0.35554530269959395
ID1428,0.3595529458102058
ID1484,0.35052176468512586
ID1483,0.32266999728539414
ID1482,0.3059317581793841
ID1427,0.3357211793170256
ID1426,0.2949105935938218
ID1425,0.2800958850804497
ID1369,0.2516900062561035
ID1368,0.25263588744051313
ID1370,0.3233558844117557
ID1371,0.3715676433899824
ID1372,0.38741588382159964
ID1315,0.39678764764000385
ID1314,0.4091158660019145
ID1258,0.3830041029874016
ID1257,0.4298776289995979
ID1201,0.3781041089226218
ID1200,0.4118794034509098
ID1256,0.4116188140476451
ID1255,0.38021353518261625
ID1199,0.4270911809276132
ID1198,0.4337770756553201
ID1197,0.38927236444809854
ID1254,0.32191765238257014
ID1311,0.2657241193687215
ID1312,0.267635882952634
ID1313,0.3381970419603235
ID2052,0.25237705742611605
ID1995,0.2327352891950046
ID1996,0.2786076458061443
ID1997,0.3376005817862118
ID1998,0.4091546900132123
ID2055,0.32683941336239086
ID2054,0.2754529385005727
ID2053,0.2713435295750113
ID2056,0.40335471279480883
ID2057,0.4729623640284819
ID1999,0.49006351477959575
ID2000,0.509776471642887
ID2001,0.47693471032030443
ID2058,0.4472658921690549
ID2002,0.48124294561498304
ID2059,0.4463658886797288
ID2003,0.576863523090587
ID2004,0.6443976381245782
ID2005,0.6496547180063584
ID2061,0.5978847026824952
ID2062,0.5856364832204931
ID2060,0.5387135084937601
ID2067,0.5789241299909704
ID2066,0.5547147098709555
ID2065,0.5474717595997979
ID2064,0.5439370590097764
ID2063,0.5428170603864333
ID2007,0.6189776504740996
ID2006,0.636807650678298
ID2008,0.6018611669540405
ID2009,0.621348237991333
ID2010,0.6716358843971701
ID2011,0.7151670441907996
ID2012,0.6521058706676259
ID2069,0.6390464642468621
ID2068,0.648934110473184
ID2070,0.5593052937703975
ID2071,0.5326988213202533
ID2014,0.5737299982239218
ID2013,0.6230358740862678
ID2015,0.5677223633317386
ID2016,0.6379976426853853
ID2072,0.5497723747702206
ID2073,0.6294164685642019
ID2017,0.6680658719118904
ID2074,0.6720641087083254
ID2018,0.6424923560198615
ID2019,0.6237847033668967
ID2076,0.6373311856213738
ID2075,0.6502194376552806
ID2080,0.6630370532765109
ID2081,0.6832641349119298
ID2024,0.6799835177028881
ID2023,0.6687399766024421
ID2079,0.6479670216055478
ID2078,0.6349793910980225
ID2077,0.6316864700878367
ID2022,0.6574711519129136
ID2021,0.6336246911217185
ID2020,0.6414299985941718
ID1963,0.6105770559871899
ID1964,0.5840100021923289
ID1965,0.6366594139267416
ID1966,0.7017935395240784
ID1967,0.7382447018342859
ID1968,0.7641905658385333
ID2025,0.7380294063512017
ID1969,0.785804100597606
ID2026,0.7850999944350299
ID2082,0.7504017787821153
ID2083,0.795077639467576
ID2027,0.8103723385754753
ID2084,0.8103417424594654
ID2028,0.8385964688132791
ID2085,0.8229494136922499
ID2086,0.8407141194624059
ID2029,0.8512811885160558
ID1971,0.8350199965869679
ID1970,0.8098141137291404
ID1972,0.8513111773659201
ID1973,0.8391811665366677
ID2030,0.8470464706420899
ID2031,0.796361189028796
ID1974,0.8018682507907644
ID1975,0.7683364847127129
ID1976,0.7469511894618763
ID1977,0.6961570648586048
ID2032,0.7281099992639878
ID2033,0.7033346996587866
ID2034,0.6884317601428311
ID2088,0.7662400175543391
ID2089,0.721440003899967
ID2090,0.6949329278048347
ID2091,0.692702359311721
ID2087,0.8132888197898864
ID2095,0.6184770724352668
ID2094,0.6260511812041787
ID2038,0.6257764830308802
ID2037,0.622249997363371
ID2093,0.6119147006203147
ID2036,0.5931905662312227
ID2092,0.6753482467987958
ID2035,0.6395552915685316
ID1979,0.584596464213203
ID1978,0.6241988350363339
ID1980,0.6121217419119442
ID1981,0.6215311611399932
ID1982,0.6486982275457943
ID1983,0.6291305969743168
ID1926,0.70572531784282
ID1927,0.50734942520366
ID1984,0.5017464749953325
ID2040,0.5670952944194569
ID2041,0.5152182340621948
ID2039,0.6084135322009816
ID2096,0.5911082253736608
ID2097,0.5528164512970869
ID2098,0.5437017560005187
ID2042,0.5180835113805883
ID2099,0.5493582262712366
ID2100,0.45276117079398215
ID2043,0.43299587123534256
ID1986,0.41778939962387085
ID1985,0.455865874711205
ID1928,0.40015412183368904
ID1929,0.43324529598740974
ID1987,0.4182823486187879
ID1930,0.4566117626779219
ID2044,0.3944405892316033
ID2045,0.4171376431689543
ID1988,0.44793411878978506
ID2046,0.4431629307129804
ID1989,0.4733900028116562
ID1931,0.4483647129114936
ID1932,0.4526876575806562
ID1990,0.5131294194389793
ID1933,0.4886153024785659
ID1934,0.54311824055279
ID1991,0.5633776475401485
ID2047,0.4688858789556167
ID2048,0.5269111731473137
ID2103,0.4510794050553266
ID2104,0.45504999406197494
ID2105,0.5086923473021563
ID2102,0.4493664748528425
ID2101,0.4178152950371013
ID2108,0.44155647263807407
ID2051,0.4972382398212657
ID2050,0.5097152878256405
ID2107,0.4849482255823472
ID2106,0.5287723457112031
ID2049,0.544163508976207
ID1993,0.5323794168584487
ID1992,0.5566535164328182
ID1935,0.5392217594034532
ID1936,0.5092511766097125
ID1937,0.5177882390863755
ID1994,0.5465611843501821
ID1880,0.44784764963037826
ID1879,0.47742705730830926
ID1878,0.5090488237493178
ID1877,0.4806564737768734
ID1822,0.43445823052350213
ID1821,0.4630994193694171
ID1820,0.45116824122036203
ID1764,0.4227317578652326
ID1763,0.4611388262580423
ID1765,0.3997417597209706
ID1766,0.4093017704346601
ID1823,0.4180347088505241
ID1709,0.4224394121590782
ID1652,0.42184000471059013
ID1651,0.4342911797411302
ID1708,0.4018158825004802
ID1707,0.4253588192603167
ID1706,0.4760323549018187
ID1649,0.5084029316902161
ID1650,0.46643470280310695
ID1594,0.4902788162231445
ID1593,0.5052346997401294
ID1592,0.5593705864513622
ID1535,0.6231329623390647
ID1536,0.5563347171334659
ID1537,0.5313394280040965
ID1595,0.428334705619251
ID1538,0.4443794239969815
ID1367,0.5130523604505203
ID1366,0.4979823445572573
ID1310,0.6316864735939923
ID1309,0.6244017629062428
ID1253,0.6949382459416109
ID1252,0.7205435388228472
ID1196,0.7142076415174148
ID1195,0.7434282274807201
ID1251,0.7085841087733998
ID1194,0.746294111364028
ID1193,0.7376840913996977
ID1250,0.7174470410627477
ID1307,0.662069418851067
ID1308,0.617080581889433
ID1365,0.5153623528340283
ID1364,0.618385892755845
ID1422,0.4804570702945484
ID1421,0.603309422380784
ID1478,0.6360776620752671
ID1479,0.5455623689819785
ID1423,0.4301429447005777
ID1480,0.4877447268542121
ID1424,0.40673236426185155
ID1481,0.42750530874027926
ID1534,0.7142623690997854
ID1477,0.7309676387730767
ID1476,0.7862699971479528
ID1533,0.74980707729564
ID1590,0.7022353109191446
ID1589,0.6960311868611504
ID1532,0.7545870640698601
ID1531,0.7438858852666967
ID1588,0.6754064616035013
ID1530,0.6686059152378756
ID1587,0.6387800132527071
ID1474,0.7845446993322933
ID1473,0.7031823789372164
ID1475,0.7965435168322395
ID1418,0.8094658830586601
ID1419,0.7744847003151388
ID1417,0.8009435408255634
ID1416,0.7148423657697789
ID1360,0.7956658994450289
ID1359,0.7112017785801606
ID1361,0.8161447230507346
ID1362,0.7709594333873075
ID1363,0.7096994182642768
ID1420,0.7130629244972677
ID1306,0.7435676651842453
ID1305,0.8097635619780597
ID1248,0.8273800141671124
ID1249,0.7800835244795856
ID1192,0.8098846856285544
ID1191,0.8404011719367084
ID1247,0.8153264873168047
ID1246,0.8168788229717928
ID1189,0.8326346972409416
ID1190,0.8370735245592453
ID1188,0.833192344974069
ID1245,0.8076658781837014
ID1302,0.7643335468628827
ID1303,0.8067900166792028
ID1304,0.8145023780710556
ID1358,0.6699976570465986
ID1301,0.7329794273656958
ID1357,0.7515506029129029
ID1300,0.7692882453694063
ID1243,0.8094723463058472
ID1244,0.8010147059665007
ID1187,0.8374323283924776
ID1186,0.8443988323211671
ID1242,0.8168211740605971
ID1185,0.8396070830962237
ID1241,0.7879229573642507
ID1184,0.7912129500333
ID1183,0.7131588129436268
ID1240,0.7239247111713185
ID1297,0.7382511847159442
ID1298,0.7928111847709207
ID1299,0.7982741180588218
ID1356,0.7930047224549686
ID1355,0.7944535409702975
ID1354,0.7534153005656075
ID1411,0.783844719213598
ID1412,0.7888547104947707
ID1413,0.7553206065121819
ID1468,0.7883223722962773
ID1469,0.7605917622061337
ID1470,0.6833811844096465
ID1471,0.6186770607443417
ID1414,0.7091435495544882
ID1415,0.6506241181317498
ID1472,0.6173705865355099
ID1528,0.5203729296431822
ID1529,0.5628711840685676
ID1586,0.5455923627404605
ID1585,0.48326175212860106
ID1584,0.5570729290737826
ID1527,0.5965788147028754
ID1526,0.7322299880139967
ID1525,0.7709100092158598
ID1583,0.7024682150167578
ID1582,0.722465869959663
ID1641,0.5499006039956037
ID1642,0.46846940447302426
ID1640,0.6818782455780927
ID1639,0.6820017449996051
ID1697,0.6825411922791425
ID1696,0.6677629428751328
ID1698,0.6208435409209307
ID1754,0.6957246927654042
ID1753,0.6725817596211153
ID1755,0.6781858745743246
ID1756,0.5774470532641691
ID1699,0.5274235213504118
ID1700,0.5381558754864861
ID1643,0.5243617548662074
ID1757,0.5457582375582527
ID1701,0.6114852989421171
ID1758,0.5461782406358158
ID1644,0.6163252823493061
ID1645,0.6419676135568058
ID1646,0.6646770547418033
ID1647,0.6563335432725794
ID1591,0.661948829538682
ID1648,0.5937482343000524
ID1704,0.6178835406022913
ID1705,0.5538505953900954
ID1762,0.5085611911380992
ID1761,0.5425800155190861
ID1760,0.5267211696680854
ID1759,0.5142011817763833
ID1702,0.6102252862032722
ID1703,0.6187188197584713
ID1816,0.45255706941380214
ID1815,0.5107582527048448
ID1872,0.4886853119906257
ID1873,0.45923529582865097
ID1817,0.4064352880505955
ID1874,0.3720194069778218
ID1875,0.37282764140297386
ID1818,0.4153382452095256
ID1819,0.4266676559167749
ID1876,0.42099646996049317
ID1871,0.4398888314471525
ID1870,0.5324576490065631
ID1814,0.5186288286657894
ID1813,0.5674605818355785
ID1869,0.7421476588529698
ID1812,0.7174382286913255
ID1811,0.7402705697452321
ID1810,0.7066570380154777
ID1868,0.7803705979796016
ID1867,0.7456106003592996
ID1924,0.6977647010017843
ID1925,0.7301829464295331
ID1923,0.6487458677852855
ID1866,0.6898347181432387
ID1865,0.6516458918066586
ID1922,0.599744115857517
ID1921,0.6260976426741657
ID1920,0.6960706030621248
ID1864,0.666889994284686
ID1863,0.6938611829982084
ID1808,0.6548464718986959
ID1807,0.6658235318520489
ID1806,0.6859035491943359
ID1749,0.6724782410789939
ID1750,0.6556741097394158
ID1751,0.6625988167874953
ID1809,0.681790584676406
ID1752,0.682990013851839
ID1695,0.6394241262884701
ID1694,0.6560435260043425
ID1637,0.64842528034659
ID1638,0.6268017474342795
ID1581,0.6794476565192727
ID1580,0.6798505909302656
ID1636,0.6592658716089586
ID1579,0.6692576576681699
ID1578,0.6530882372575648
ID1635,0.6613417730611914
ID1692,0.6629935138365801
ID1693,0.6654905718915602
ID1748,0.7149494164130267
ID1691,0.7210505829137914
ID1690,0.7320752901189467
ID1747,0.7377582451876472
ID1746,0.721205296235926
ID1689,0.7128870508250068
ID1632,0.6823329252355239
ID1633,0.7217188225072972
ID1634,0.7359111771864051
ID1577,0.7083141004337984
ID1576,0.6918111520655015
ID1575,0.6522205661324894
ID1631,0.7084535128930036
ID1574,0.6612911589005415
ID1630,0.6754970536512487
ID1573,0.6410605977563297
ID1687,0.7052176482537214
ID1688,0.7258629329064313
ID1745,0.7054935280014487
ID1744,0.6906117796897888
ID1801,0.715488229078405
ID1802,0.7138876297894645
ID1858,0.7990646993412691
ID1859,0.7775288119035608
ID1803,0.7358346953111536
ID1860,0.7741705698125503
ID1804,0.7430105924606323
ID1805,0.7213876485824585
ID1862,0.727697650124045
ID1861,0.7570582382819232
ID1917,0.7967552900314331
ID1918,0.774519425981185
ID1919,0.7437935450497795
ID1916,0.8205511752296897
ID1915,0.8459994274027207
ID1914,0.8285594126757454
ID1913,0.8037682561313405
ID1912,0.7722782149034387
ID1857,0.7849941099391264
ID1856,0.7564276583054486
ID1855,0.7341023410067838
ID1800,0.7218382351538715
ID1743,0.6923064926091362
ID1799,0.6910464511198156
ID1742,0.662036468702204
ID1741,0.629367616597344
ID1798,0.6656799695071052
ID1854,0.683425297456629
ID1797,0.6356135333285612
ID1740,0.6212552729774924
ID1796,0.6530200228971594
ID1739,0.6461400060092702
ID1853,0.6597735418992883
ID1910,0.7233847204376669
ID1911,0.7545382219202379
ID1909,0.6823882607852712
ID1852,0.6800070671474232
ID1908,0.6408206098219928
ID1851,0.6935664751950432
ID1907,0.601587664379793
ID1906,0.6064000157748952
ID1849,0.5901706064448637
ID1850,0.6402641057968139
ID1793,0.5826523500330307
ID1794,0.6918741128023933
ID1792,0.515654133347904
ID1735,0.5043541284168468
ID1736,0.5402764825259938
ID1737,0.6684835321762983
ID1738,0.6836876455475303
ID1795,0.6944888255175422
ID1681,0.6852847176439621
ID1682,0.6741970707388485
ID1680,0.6764576526249158
ID1679,0.5766976538826437
ID1678,0.5483217565452352
ID1622,0.5861594059888054
ID1623,0.6577941214337069
ID1621,0.5980264656683978
ID1564,0.6673305813003989
ID1565,0.6451564648572137
ID1566,0.6882264761363759
ID1567,0.6956894138280083
ID1624,0.6811770733665017
ID1625,0.6726853174321792
ID1568,0.671620584936703
ID1569,0.6884441193412332
ID1626,0.6664858888177311
ID1570,0.6785676528425777
ID1627,0.6624453081804164
ID1684,0.6379105778301464
ID1683,0.6481711541905123
ID1686,0.6716823816299438
ID1685,0.6467076624141019
ID1629,0.6549035408917596
ID1628,0.659615293671103
ID1571,0.6645582283244413
ID1572,0.6598594300887164
ID1515,0.643355314871844
ID1516,0.6084458926144768
ID1514,0.6549776399836821
ID1513,0.6595711567822624
ID1458,0.6083382452235502
ID1457,0.6277441207100364
ID1456,0.6009476409238927
ID1459,0.5678570382735308
ID1401,0.5562370763105504
ID1402,0.5392188142327702
ID1345,0.5504211650175207
ID1344,0.5537099971490749
ID1400,0.5860852879636428
ID1343,0.6040670465020572
ID1342,0.614072341077468
ID1399,0.5794858911458184
ID1455,0.6314158916473389
ID1398,0.6287864867378684
ID1341,0.6313417420667761
ID1397,0.6255258882746977
ID1340,0.5815193919574513
ID1454,0.6528005936566521
ID1512,0.6711529353085686
ID1511,0.6758123552097994
ID1510,0.6956717631396125
ID1453,0.6261376422994277
ID1509,0.6822570702608894
ID1452,0.5551223488414989
ID1508,0.6785888405407177
ID1507,0.6966064747642068
ID1450,0.6852647143251756
ID1451,0.6070753027411069
ID1394,0.5843523593509898
ID1395,0.5189341345254113
ID1393,0.6478811818010667
ID1336,0.6318376435953028
ID1337,0.6300000064513263
ID1338,0.6034800248987534
ID1396,0.5611053144230562
ID1339,0.5432641309850357
ID1282,0.5983153202954461
ID1283,0.5721764648661893
ID1281,0.6391117713030647
ID1279,0.6170282286756179
ID1280,0.6471211798050824
ID1224,0.6376176490503199
ID1223,0.6071053056155934
ID1222,0.5982588312205146
ID1165,0.6167776381268221
ID1166,0.5291629398570341
ID1167,0.5527829380596385
ID1168,0.5995299816131592
ID1225,0.6490946973071379
ID1226,0.568073527953204
ID1169,0.5711382318945492
ID1170,0.5714917814030367
ID1227,0.564635309752296
ID1171,0.5537729712093578
ID1228,0.5862282493535209
ID1285,0.6153294142554788
ID1284,0.5936446940197665
ID1286,0.6211511808283189
ID1287,0.5707282206591439
ID1288,0.5375664640875424
ID1231,0.491245283800013
ID1230,0.51662175655365
ID1229,0.5837064729017369
ID1173,0.5146611816742841
ID1172,0.5363082577200498
ID1174,0.4678111798623029
ID1175,0.4688329437199761
ID1232,0.49946175953921146
ID1289,0.5211982278262868
ID1233,0.49193646767560173
ID1290,0.5092446874169743
ID1176,0.48020647659021265
ID1177,0.507525890714982
ID1234,0.5342523490681368
ID1178,0.5450670634998995
ID1179,0.5173158775357638
ID1235,0.5763982520383947
ID1236,0.5192223752246183
ID1293,0.5645606019917656
ID1292,0.5626817801419426
ID1291,0.5466617598253138
ID1348,0.5133576428188997
ID1349,0.5516423463821412
ID1350,0.6010582222658045
ID1347,0.4983070520793691
ID1346,0.5312905830495498
ID1403,0.5642482420977424
ID1404,0.520747657733805
ID1460,0.598315289441277
ID1461,0.5705476487384123
ID1517,0.6289229364956126
ID1518,0.6183211670202368
ID1462,0.5253929278429816
ID1519,0.609118798199822
ID1520,0.6150970136418062
ID1521,0.6465023286202375
ID1464,0.6203288148431216
ID1463,0.5427711542914896
ID1407,0.6153341188150294
ID1406,0.5415511720320758
ID1405,0.49184881659115065
ID1408,0.6748364715015187
ID1351,0.6539452847312479
ID1352,0.7197252778445973
ID1409,0.7457217581131879
ID1465,0.7058699986513923
ID1466,0.7549753132988425
ID1522,0.7161200088613173
ID1523,0.7299164898255293
ID1467,0.784567099459031
ID1524,0.7418194518369787
ID1410,0.7792523594463572
ID1353,0.7488158646751852
ID1296,0.7048764677608714
ID1239,0.6527735170196085
ID1238,0.5559746980667115
ID1295,0.6647370548809276
ID1294,0.6138711662853467
ID1237,0.5013029428089366
ID1180,0.5158476373728584
ID1181,0.5733194035642287
ID1182,0.6517129196840175
ID1126,0.7369870557504541
ID1125,0.692102343895856
ID1069,0.7501253114027135
ID1068,0.7019941287882188
ID1067,0.6766341167337755
ID1124,0.6727082224453197
ID1123,0.6250758535721722
ID1122,0.5519029336817125
ID1066,0.6295599811217365
ID1065,0.5359941181014565
ID1010,0.6684552781722125
ID1009,0.6069170489030726
ID1008,0.5283441249062033
ID951,0.45917352087357466
ID952,0.5338246955591089
ID953,0.6308441288330975
ID1011,0.7023864802192239
ID954,0.6873994294334861
ID1012,0.751825896431418
ID955,0.7249664825551649
ID898,0.668575291072621
ID897,0.6565700012094834
ID896,0.5671011952792897
ID841,0.5720170539968155
ID840,0.584153523865868
ID784,0.49959940735031577
ID783,0.48877470212824203
ID782,0.4287488215109881
ID839,0.48828999575446635
ID838,0.38825705963022566
ID895,0.4461147119017208
ID781,0.37505058400771196
ID837,0.34612881961990805
ID780,0.34456176126704496
ID894,0.3834629419971915
ID950,0.40542766276527853
ID893,0.36462706713115467
ID949,0.3915817695505479
ID948,0.39408529085271493
ID892,0.36182294768445633
ID891,0.3740523580242606
ID836,0.34730588758693026
ID835,0.34918882987078503
ID779,0.34346647332696356
ID778,0.34767058772199294
ID777,0.3556411736151751
ID834,0.358054122504066
ID833,0.36407766201916864
ID890,0.3805664819829604
ID776,0.3664282483213088
ID832,0.3625935277518104
ID775,0.40508588131736306
ID889,0.38567528514301075
ID946,0.42229705347734336
ID947,0.4027282357215881
ID1003,0.4314894087174359
ID1004,0.4173958778381348
ID1060,0.4521100030225866
ID1061,0.4452788149609285
ID1005,0.39772647058262545
ID1062,0.41991411868263695
ID1006,0.4237270653247833
ID1007,0.45985824921551877
ID1063,0.4275894158026752
ID1064,0.4708470607505125
ID1120,0.45730588786742266
ID1119,0.461867060731439
ID1121,0.5002635366776411
ID1118,0.45882529300801894
ID1117,0.46189589780919693
ID1116,0.5274535459630629
ID1115,0.5300929574405446
ID1114,0.532401777716244
ID1058,0.46945822028552786
ID1057,0.4954941230661729
ID1059,0.4609052973635056
ID1002,0.4204282381955315
ID945,0.4219105801161598
ID1001,0.42691352367401125
ID944,0.4036164669429555
ID1000,0.42971707301981305
ID943,0.4021705950007719
ID1056,0.5277711966458489
ID999,0.4601917834842907
ID942,0.4512241279377657
ID941,0.5188247102148392
ID998,0.5091200162382687
ID1055,0.5160641137291404
ID1112,0.5828047037124634
ID1113,0.5666953093865339
ID1111,0.5054758829229018
ID1054,0.5020741140141207
ID1110,0.4491764797883875
ID1053,0.5098782328998341
ID1109,0.49309116882436416
ID1108,0.6561958495308371
ID1051,0.6580941214280971
ID1052,0.5195476546007044
ID995,0.5917353023501004
ID996,0.5606982287238627
ID994,0.6461659108891207
ID940,0.5895858750623816
ID997,0.5610711855046889
ID884,0.4903964821030112
ID883,0.5991094091359307
ID882,0.6359629098106834
ID939,0.6250311556984396
ID938,0.6259699905619902
ID937,0.5398758972392363
ID880,0.42702528729158284
ID881,0.5455005673801198
ID824,0.4629670353496776
ID825,0.5481352820115931
ID823,0.4208611600539264
ID766,0.4174076395876267
ID767,0.43351587828467875
ID768,0.4853270755094641
ID769,0.5420776542495278
ID826,0.5773282457800473
ID827,0.4877429555444156
ID770,0.5227099983131185
ID771,0.48832411625806027
ID828,0.49786529260523177
ID772,0.4234617590904236
ID829,0.4881317615509033
ID886,0.4305352957809673
ID885,0.46055235301747033
ID887,0.3949682344408596
ID888,0.39160939945894124
ID831,0.3849241116467644
ID830,0.42737941145896907
ID774,0.4216494041330674
ID773,0.3983611808103674
ID717,0.44692351958330945
ID718,0.443128819325391
ID716,0.3801382485558005
ID715,0.3527670681476593
ID659,0.43356118693071255
ID658,0.40517236064462103
ID660,0.436824125402114
ID661,0.4182711829157437
ID603,0.41027352880029117
ID604,0.42634176646961885
ID602,0.4059394121170044
ID601,0.43031294415978827
ID657,0.47059883019503423
ID600,0.490821184130276
ID599,0.5328052955515244
ID656,0.5429064820794498
ID713,0.5478753040818607
ID714,0.434417657291188
ID712,0.5147452936452979
ID655,0.4914247092078714
ID711,0.4659852883395027
ID654,0.4575429407989277
ID710,0.444840577770682
ID709,0.4200952933115118
ID652,0.41787118000142714
ID653,0.4420370599802803
ID597,0.5144941259832942
ID596,0.46355353313333847
ID595,0.4260317739318399
ID598,0.5051670561818515
ID542,0.5168264767702888
ID541,0.5252717487952289
ID484,0.5268358679378733
ID485,0.4984035172883202
ID540,0.5182611752958859
ID483,0.502881761859445
ID539,0.46503175461993496
ID538,0.4419023520806256
ID481,0.435002936335171
ID482,0.4611952851800357
ID425,0.4553623493979959
ID426,0.4719741176156437
ID424,0.42107588613734526
ID367,0.37208588649244867
ID368,0.43902587820501887
ID369,0.46148176684099085
ID370,0.4283488273620605
ID427,0.4825376545681673
ID428,0.44048882863100836
ID371,0.34784646384856277
ID372,0.2997694183798397
ID429,0.41965058726422927
ID373,0.313645899997038
ID430,0.4117905876215766
ID487,0.4320229341002072
ID486,0.4708905833608964
ID543,0.4538764750256258
ID544,0.40137057374505436
ID488,0.3584541180554558
ID489,0.320808829980738
ID546,0.3396600000998553
ID545,0.35915470263537236
ID547,0.3611482336240656
ID490,0.3175317764282226
ID432,0.29553764497532564
ID433,0.2825170636177063
ID431,0.3457576488747316
ID374,0.3227529483682969
ID375,0.2985764703329872
ID376,0.2780011724023258
ID377,0.27741647748386156
ID434,0.28596294978085685
ID491,0.31618647365009084
ID435,0.282840002634946
ID492,0.29881528615951536
ID378,0.28308647660648123
ID379,0.28201470936045925
ID436,0.27986647241255813
ID380,0.2856358875246609
ID381,0.29380411400514495
ID437,0.2902658778078416
ID438,0.2972317618482253
ID494,0.3038729380158817
ID495,0.30140411538236284
ID493,0.29959587875534505
ID549,0.32789587869363673
ID550,0.31741999317617975
ID551,0.29770940647405736
ID552,0.30004941856159884
ID607,0.3223294093328364
ID606,0.3600841213675106
ID605,0.39715176154585446
ID548,0.35329822968034186
ID662,0.43216940374935375
ID663,0.395364111661911
ID719,0.4087799973347608
ID720,0.37007527912364285
ID664,0.33016706705093385
ID721,0.33898882690597987
ID722,0.3293453090331134
ID723,0.34850530975005206
ID665,0.31143058889052444
ID666,0.33432059288024907
ID609,0.3093888216158923
ID608,0.2949023408048293
ID610,0.3469282353625578
ID553,0.31781588968108687
ID554,0.3327805988928851
ID611,0.3620147087994744
ID667,0.3651064683409298
ID668,0.3853688162915847
ID724,0.3741588287493762
ID725,0.39498175733229696
ID669,0.417532348282197
ID726,0.4402641135103562
ID727,0.4766499961123747
ID670,0.4455282291945289
ID613,0.40795999379719006
ID612,0.3812841173480539
ID555,0.35675411995719464
ID556,0.3779394058620229
ID499,0.3659505844116211
ID498,0.3510117639513577
ID497,0.3347688212114222
ID496,0.31153058830429525
ID439,0.32155881804578446
ID440,0.3378823399543762
ID382,0.328865287584417
ID383,0.3340570477878346
ID384,0.3395747051519506
ID441,0.34785999375231125
ID442,0.36656764395096725
ID385,0.3482294075629291
ID386,0.3750417562092052
ID443,0.3899958792854758
ID444,0.4145800061085645
ID387,0.4138364798882428
ID388,0.4485305996502147
ID445,0.4670682479353512
ID502,0.4646441196694094
ID501,0.42071057908675247
ID500,0.39122764257823717
ID558,0.44442999888868895
ID557,0.41268529821844663
ID559,0.490262349914102
ID503,0.5032676465371075
ID560,0.5233635320382959
ID561,0.6384511695188635
ID504,0.5875240943011115
ID447,0.5625729112064137
ID446,0.5071370475432452
ID389,0.4851999934981851
ID390,0.5205888011876274
ID391,0.5479441053727094
ID448,0.644164100114037
ID505,0.6997876279494342
ID449,0.7224929501028622
ID506,0.7545064575531903
ID450,0.780082362539628
ID507,0.795405888557434
ID393,0.7379252987749436
ID392,0.6272023397333482
ID451,0.79594705806059
ID394,0.7866105977226706
ID395,0.8003600218716789
ID452,0.8045829492456773
ID509,0.8256594096913057
ID508,0.8161317642997292
ID565,0.8350123622838188
ID566,0.8462599936653585
ID564,0.8052141196587506
ID563,0.7791388006771311
ID562,0.755660574576434
ID618,0.7030911845319412
ID619,0.785951767949497
ID675,0.7348452967755935
ID676,0.7843041195588953
ID620,0.8030923520817477
ID677,0.8146970538532032
ID678,0.8408558880581576
ID621,0.824321784692652
ID622,0.849551796913147
ID623,0.8603976389941047
ID679,0.8670547281994538
ID680,0.8708482265472411
ID735,0.8674170592251946
ID736,0.8797588502659517
ID737,0.8689941322102266
ID793,0.8765094238169052
ID794,0.8410270732991836
ID792,0.876565872220432
ID791,0.8574787967345293
ID734,0.8447617474724265
ID790,0.8173399855108822
ID733,0.8016235253390144
ID732,0.7501988235641928
ID789,0.7812417493147009
ID731,0.6479305954540477
ID788,0.69861881312202
ID730,0.551059993575601
ID787,0.5780764579772949
ID673,0.5878458612105426
ID674,0.6514276336221134
ID617,0.6001258822048412
ID616,0.5602270434884464
ID672,0.5308558940887451
ID615,0.5057394181980807
ID614,0.4600235279868631
ID671,0.4870923470048344
ID728,0.48697824127533856
ID729,0.5011623550863826
ID786,0.5118499945191776
ID785,0.5020800078616423
ID843,0.6302358746528626
ID842,0.5855094103252187
ID899,0.6768576439689187
ID900,0.7211687985588522
ID901,0.7705452694612391
ID844,0.6950988180497113
ID845,0.7720023351557115
ID846,0.808165278855492
ID903,0.8257099993088667
ID902,0.8080599897048053
ID959,0.8274470581727869
ID960,0.8392841128741994
ID958,0.7971117517527413
ID957,0.7696505609680624
ID956,0.7526241106145523
ID1013,0.7951746954637415
ID1014,0.8049946728874655
ID1015,0.8225794055882623
ID1071,0.8271194079343012
ID1072,0.8431876631344066
ID1070,0.8029776657328886
ID1127,0.8009764867670395
ID1128,0.835026496999404
ID1129,0.8488482559428495
ID1073,0.8521317930782544
ID1130,0.8546605937621172
ID1131,0.8528600145788754
ID1074,0.8513482486500459
ID1017,0.8440582233316758
ID1016,0.8412794113159181
ID961,0.8473452722325044
ID1018,0.8475735103382783
ID962,0.8560958778156954
ID1019,0.8565205854528091
ID963,0.8574994297588572
ID1020,0.857192959504969
ID1077,0.8542776619686799
ID1076,0.8555564670001761
ID1075,0.8518729392219992
ID1132,0.8532758810940911
ID1133,0.8588582389494952
ID1134,0.8525900041355806
ID1078,0.8407329538289239
ID1135,0.8177688149844898
ID1136,0.7511723483310027
ID1079,0.8012276551302742
ID1022,0.7799158944803126
ID1021,0.8328741248916177
ID964,0.84328471772811
ID965,0.7838317800970638
ID907,0.846532361647662
ID908,0.7821835279464722
ID851,0.80229353203493
ID850,0.8564299990149105
ID906,0.8559682565576889
ID849,0.8652382500031415
ID905,0.8494323478025548
ID904,0.8374293930390302
ID847,0.8253105696509866
ID848,0.8506664654787849
ID795,0.8094270481782802
ID852,0.7606811754843767
ID853,0.7638276492848115
ID796,0.7984235174515668
ID797,0.7488052943173577
ID854,0.757238232388216
ID910,0.713687642181621
ID911,0.7286411664065193
ID968,0.6638294212958392
ID967,0.6836411981021657
ID966,0.7032241442624261
ID909,0.7057405864491182
ID1023,0.7075653062147254
ID1024,0.6667017684263341
ID1081,0.6956293947556439
ID1080,0.7359352939269121
ID1137,0.7477752930977766
ID1138,0.737439995653489
ID1082,0.686751181939069
ID1139,0.7126558808719411
ID1025,0.6458958892261281
ID740,0.7390088389901555
ID683,0.7072847324259142
ID682,0.7619529527776381
ID739,0.7912194132804871
ID738,0.8410370532204123
ID681,0.8486858739572413
ID625,0.7538158893585205
ID624,0.8541746995028328
ID567,0.8583741251160117
ID568,0.7909447031862595
ID569,0.7321582317352295
ID626,0.6809988253256853
ID512,0.8105876459794885
ID511,0.8457764653598561
ID510,0.8503741362515618
ID454,0.8472488235024844
ID453,0.8219529453445883
ID396,0.8136753026176902
ID397,0.8378182362107669
ID398,0.8459682352402631
ID455,0.840728821473963
ID53,0.7633182273191564
ID54,0.7924517505309161
ID55,0.8293905882274404
ID112,0.8322529358022352
ID111,0.8009682227583492
ID110,0.7658117567791658
ID168,0.8007900006630841
ID167,0.7593741262660307
ID169,0.8366982403923484
ID113,0.8166970645680147
ID170,0.843459428057951
ID56,0.7896264861611759
ID341,0.840015288661508
ID340,0.8275176454992856
ID283,0.825591163074269
ID284,0.8399358581094181
ID227,0.8407176382401411
ID226,0.8367905883228077
ID282,0.800432355263654
ID225,0.8002717607161578
ID224,0.7660617772270651
ID281,0.7780676512157216
ID338,0.7927535435732673
ID339,0.8104758921791526
ID337,0.7576859025394216
ID280,0.713017061177422
ID336,0.6734388267292696
ID279,0.6240923671161427
ID335,0.5647035107893102
ID334,0.512223531218136
ID333,0.5011217552072862
ID277,0.510396470743067
ID276,0.4813029450528762
ID278,0.565037641805761
ID222,0.5921811945298139
ID221,0.5608041293480817
ID220,0.4995847134029164
ID219,0.4354770562228034
ID162,0.43202588347827686
ID163,0.4806853126077091
ID164,0.5164700094391318
ID165,0.5856411877800437
ID166,0.6906523634405697
ID223,0.6790276639601763
ID109,0.7307300174937529
ID108,0.6352800144868738
ID52,0.7553929539287791
ID51,0.7014594204285566
ID107,0.5205199904301587
ID50,0.5785646901411169
ID106,0.4837452934068792
ID49,0.47895940121482394
ID48,0.4565488128101124
ID105,0.45918411717695345
ID161,0.4097894051495721
ID218,0.4115082376143512
ID160,0.3788799916996676
ID217,0.40374176011366003
ID104,0.4309570540400112
ID103,0.37702116966247556
ID47,0.4126388164127574
ID46,0.3759864726487328
ID102,0.32390823714873374
ID45,0.3385170578956604
ID44,0.3378029402564554
ID43,0.3284952914013582
ID101,0.31514293831937457
ID100,0.2841082316987655
ID157,0.2722511778859531
ID158,0.3071705853237825
ID159,0.33407528540667364
ID216,0.3614076425047482
ID215,0.3109411730485804
ID214,0.29712176954045016
ID272,0.3460399978301104
ID271,0.32573588876163256
ID273,0.3882364711340736
ID274,0.41936882418744703
ID275,0.45278235533658195
ID331,0.42504706803490133
ID332,0.4649023588965921
ID330,0.4043929464676801
ID329,0.36862176376230577
ID328,0.34094412116443407
ID327,0.3226894168292775
ID326,0.3096217642812168
ID269,0.2971823573112488
ID270,0.3177388219272389
ID213,0.29671882110483505
ID212,0.2867058848633486
ID268,0.29118176523376915
ID211,0.28542529554928053
ID210,0.29522941322887647
ID267,0.29782764666220723
ID324,0.2962623547105228
ID325,0.3085458832628587
ID323,0.3026588285670561
ID322,0.2917446963927325
ID266,0.3230205949615029
ID265,0.3131535323227153
ID321,0.2749023528660045
ID264,0.27235118080587944
ID320,0.26630000296761003
ID319,0.2719070490668801
ID262,0.2732711700832142
ID263,0.26328588233274575
ID206,0.2758870633209453
ID205,0.2968552876921261
ID207,0.2869052967604469
ID208,0.31520412283785204
ID209,0.31291824123438666
ID152,0.32172352952115674
ID153,0.32166352903141693
ID151,0.3101235347635606
ID95,0.3462535184972426
ID96,0.3404264541233287
ID94,0.3271164641660802
ID93,0.3134341218892266
ID150,0.3103070644771352
ID149,0.30187942280488855
ID148,0.31965117594775033
ID92,0.31934824620976165
ID91,0.3628500026815078
ID36,0.3016541130402509
ID35,0.3173758899464327
ID34,0.3766117649919847
ID37,0.3199917519793791
ID38,0.3194182304775014
ID39,0.3115429324262282
ID40,0.300460586828344
ID41,0.3064694103072671
ID97,0.30765352424453285
ID98,0.293002935367472
ID154,0.29905822908177093
ID155,0.2821099912419039
ID99,0.2659523448523353
ID156,0.2531794064185199
ID42,0.3134176408543306
ID24,0.3651076499153586
ID25,0.4395053092171164
ID26,0.5256694386987125
ID27,0.5102588411639719
ID83,0.4997735289966359
ID82,0.46281470410964065
ID84,0.476017067712896
ID81,0.3755035372341381
ID138,0.38887705662671257
ID139,0.45475999222082253
ID195,0.356955885887146
ID196,0.3778335241710439
ID140,0.46125998917747946
ID197,0.3851941161295947
ID198,0.3919858876396628
ID141,0.4352741167825811
ID85,0.41635470109827377
ID142,0.4012235241777757
ID199,0.37455822720247156
ID143,0.36709411284502813
ID200,0.3623552771175609
ID86,0.35166764119092153
ID29,0.32567293082966525
ID28,0.40310705198961144
ID30,0.3043041106532602
ID87,0.3186700007494758
ID31,0.31175881729406474
ID88,0.3416552988921895
ID32,0.3466488291235531
ID33,0.40700824260711665
ID90,0.41717118445564716
ID89,0.4035523589919595
ID145,0.41149470876244937
ID146,0.4288617684560664
ID147,0.3776552943622365
ID204,0.33723705200588
ID203,0.3873017556527082
ID202,0.40129940860411706
ID201,0.367867642290452
ID144,0.3646888249060687
ID258,0.3342335203114678
ID257,0.3724388213718639
ID259,0.3385405898094177
ID260,0.337107655581306
ID261,0.29948411478715786
ID317,0.3132982488940744
ID316,0.292114718170727
ID318,0.3017388238626368
ID315,0.2931876526159399
ID314,0.33006882877910837
ID313,0.40120530303786783
ID312,0.41524824815637923
ID255,0.3814070743672988
ID256,0.4094117708065931
ID253,0.34137529380181253
ID254,0.33679647691109604
ID252,0.34680117824498347
ID310,0.35462706509758446
ID309,0.34635588105987103
ID311,0.38306412872146156
ID308,0.3319617646581986
ID307,0.3236147025052239
ID306,0.3639152919544893
ID305,0.4246258770718294
ID304,0.43294295002432437
ID250,0.3073435274993672
ID249,0.33459588219137754
ID248,0.405921757922453
ID247,0.43266175950274743
ID191,0.33969645430059997
ID192,0.30926587756942303
ID190,0.4030741130604464
ID193,0.31376411283717437
ID194,0.3131623489015242
ID251,0.3164388207828297
ID137,0.3193135254523333
ID136,0.32258529487778154
ID79,0.3240394076880287
ID80,0.31393234694705285
ID23,0.34863999135353985
ID22,0.3671629334197325
ID78,0.3124241194304298
ID21,0.36219175773508405
ID20,0.38419882129220406
ID19,0.3801964756320505
ID76,0.38615529572262486
ID77,0.33779588937759397
ID134,0.3288111686706543
ID133,0.38251234713722676
ID135,0.31210294541190653
ID132,0.3785282415502212
ID189,0.40649176800952236
ID188,0.4218041167539709
ID131,0.4036041154580958
ID75,0.3555853016236249
ID74,0.3563764705377467
ID18,0.3255729506997501
ID17,0.328692358381608
ID73,0.39724056720733647
ID16,0.38061175486620735
ID15,0.4234947022269754
ID72,0.4201811629183152
ID129,0.41405116600148817
ID130,0.4302911600645851
ID187,0.4224564650479485
ID186,0.42156822330811444
ID243,0.478070586569169
ID244,0.44829529313480154
ID300,0.5090623715344598
ID301,0.45484295101726757
ID245,0.40062469980295967
ID302,0.3892382285174201
ID246,0.40185646239448997
ID303,0.4275729379233192
ID299,0.49055706192465387
ID298,0.4535599946975708
ID297,0.37646704596631664
ID242,0.45317118132815637
ID241,0.41819293849608474
ID185,0.42968294164713694
ID184,0.3887100033900317
ID183,0.36975647316259497
ID240,0.37134939993129057
ID239,0.3298282356823192
ID296,0.3477576459155363
ID182,0.3392047019565807
ID238,0.33183530428830316
ID181,0.32893059534185076
ID295,0.35494765954859114
ID294,0.3316064764471615
ID293,0.314694701573428
ID292,0.32382764991591956
ID291,0.37263707132900464
ID290,0.4143582498326021
ID235,0.322130006201127
ID234,0.37541177272796633
ID233,0.42696235144839567
ID177,0.3774199934566722
ID176,0.43149999765788805
ID178,0.3263917684555054
ID179,0.3146200039807488
ID180,0.32109705455162946
ID236,0.3048341162064496
ID237,0.315184702242122
ID123,0.31836411356925964
ID124,0.3297435332747067
ID67,0.3211700018714456
ID66,0.31235765183673186
ID122,0.30613352481056666
ID65,0.29029529585557823
ID64,0.3006852851194494
ID121,0.31671234649770397
ID120,0.36505646425134997
ID119,0.4165429437861723
ID62,0.38476647839826694
ID63,0.33566705268972064
ID7,0.2969146984464982
ID6,0.3477670487235574
ID5,0.40866059275234445
ID8,0.292665299948524
ID9,0.308536473793142
ID10,0.3152794220868279
ID11,0.3348429574685938
ID12,0.33989647136015055
ID68,0.341598818582647
ID69,0.35640881342046404
ID125,0.3562482279889724
ID126,0.38277528917088227
ID70,0.36497235263095185
ID127,0.39446941754397224
ID128,0.4131788281833424
ID71,0.3956464679802165
ID14,0.3799411752644707
ID13,0.3481552979525398
ID4,0.4293782486635096
ID3,0.4472705998841454
ID2,0.46901472245945647
ID1,0.49930646840263815
ID0,0.5379193972138798
ID114,0.5279364782221176
ID171,0.5356429247295156
ID57,0.531775884067311
ID58,0.5210752858835108
ID59,0.48178646950160753
ID60,0.45214646914426015
ID61,0.4297458915149464
ID117,0.4607011749463923
ID118,0.4492188299403471
ID175,0.4755741161458633
ID174,0.48090470257927387
ID173,0.5247941346729503
ID172,0.5506600127500647
ID116,0.5188994078075184
ID115,0.5503135253401363
ID228,0.534249984516817
ID229,0.5618782366023344
ID285,0.5538158767363605
ID286,0.5952005905263564
ID230,0.5558247187558343
ID287,0.5973506156136008
ID288,0.5080505988177131
ID231,0.5039435218362247
ID232,0.46749351795981914
ID289,0.4471135321785422
ID344,0.5955682347802556
ID343,0.5592076329623952
ID342,0.5392982335651622
